0.75,135,1.7,0.78,150,0.4,0.54,145,0.7,0,,,
0.43,226,0,0.75,214,3.4,0.87,550,2.2,1,,,
0.65,470,2.2,0.56,488,2.9,0.43,18,0.3,2,,,
0.58,346,1.6,0.89,408,0.8,0.7,576,3.1,3,,,
0.83,146,4,0.75,247,0.4,0.59,442,4.3,4,,,
0.91,276,1.5,0.53,242,1.1,0.3,156,5,5,,,
0.68,25,2.4,0.96,182,1.5,0.72,579,0.8,6,,,
0.97,383,2.2,0.96,243,3.2,0.9,426,3.3,7,,,
0.6,10,2.7,0.68,79,0.3,0.97,305,4.8,8,,,
0.76,309,4.9,0.7,88,0.2,0.48,11,4.7,9,,,
0.58,4,0.8,0.81,130,1.1,0.71,24,0.8,10,,,
0.9,15,2.4,0.69,590,4.6,0.75,239,4,11,,,
0.53,508,3.8,0.54,137,2.8,0.45,301,1.7,12,,,
0.74,293,2.4,0.39,444,1.1,0.55,314,0.6,13,,,
0.23,415,2.4,0.86,10,2.4,0.81,119,0.8,14,,,
0.53,495,0.5,0.31,98,2.4,0.79,108,4.4,15,,,
0.94,380,3,0.68,41,0.7,0.44,542,3.6,16,,,
0.59,294,4.4,0.44,261,3.7,0.51,237,0.7,17,,,
0.72,477,4.6,0.6,429,3.6,0.47,421,4.2,18,,,
0.65,193,3.5,0.41,460,4.3,0.2,373,2.7,19,,,
0.2,189,3.6,0.57,320,2.3,0.86,105,0.2,20,,,
0.83,494,4.9,0.27,594,4.6,0.28,285,2.1,21,,,
0.95,496,2.8,0.39,377,4.5,0.5,152,3.7,22,,,
0.46,55,1.1,0.62,129,1,0.74,109,2.1,23,,,
0.53,249,1.7,0.54,551,0,0.38,134,0.4,24,,,
0.23,258,4.9,0.67,231,3.5,0.63,152,4,25,,,
0.24,87,3.6,0.5,550,4.8,0.89,398,2.5,26,,,
0.79,15,2.4,0.84,253,3.7,0.68,429,1.1,27,,,
0.43,358,2.1,0.73,501,0.7,0.49,194,0.9,28,,,
0.39,47,4.7,0.42,163,1.2,0.79,201,0.6,29,,,
0.64,307,1.2,0.52,96,3.4,0.74,222,3.5,30,,,
0.91,414,1.4,0.57,228,4.8,0.34,81,0.8,31,,,
0.37,124,1.7,0.39,522,3.6,0.28,573,0.1,32,,,
0.54,505,3.9,0.39,208,2.3,0.66,476,3.6,33,,,
0.47,18,0.5,0.91,350,3.9,0.35,104,4.7,34,,,
0.69,77,0.1,0.37,412,3.8,0.28,364,3.8,35,,,
0.82,568,0,0.37,67,4.3,0.64,524,2.1,36,,,
0.62,302,4.6,0.97,500,3.4,0.94,412,2,37,,,
0.44,405,0.5,0.43,132,3.7,0.38,536,3.3,38,,,
0.53,465,2,0.32,452,0.5,0.68,109,0.8,39,,,
0.74,423,3.8,0.75,501,0,0.23,535,1.8,40,,,
0.69,294,1.2,0.64,406,0.5,0.65,576,3.3,41,,,
0.63,550,4.4,0.35,341,1.5,0.24,279,1.2,42,,,
0.33,110,0.9,0.92,397,4.6,0.44,547,0.2,43,,,
0.65,574,3.8,0.68,239,0.4,0.78,159,1.4,44,,,
0.52,289,1.2,0.82,80,4.9,0.63,303,3.7,45,,,
0.29,478,3.9,0.39,408,1.1,0.8,326,3.8,46,,,
0.52,314,1.3,0.2,466,0.8,0.63,192,0.7,47,,,
0.37,276,1.6,0.49,68,3,0.36,496,0.7,48,,,
0.79,423,1,0.55,481,2.9,0.4,252,4.2,49,,,
0.33,496,2.9,0.9,415,1.2,0.28,365,1.2,50,,,
0.38,469,3.5,0.51,379,2.9,0.37,150,4.4,51,,,
0.26,95,4.8,0.48,433,2.2,0.97,400,0.2,52,,,
0.36,0,1.1,0.29,44,0.7,0.95,83,2.3,53,,,
0.76,598,2.7,0.42,459,3.1,0.22,120,3.4,54,,,
0.79,37,2.2,0.62,536,2.2,0.56,550,1.3,55,,,
0.23,318,0.3,0.7,258,1.6,0.47,538,1.6,56,,,
0.97,165,2.9,0.53,203,0.2,0.31,234,0.4,57,,,
0.22,20,2.1,0.79,339,0.9,0.34,47,0.3,58,,,
0.88,141,4.5,0.31,175,4.7,0.75,450,2.6,59,,,
0.54,162,2.9,0.75,106,4.6,0.51,243,2.4,60,,,
0.38,10,3.7,0.64,225,3.1,0.22,395,3.7,61,,,
0.24,387,3.8,0.75,328,4.5,0.97,353,4.9,62,,,
0.96,258,0.9,0.55,174,3.5,0.88,329,1.6,63,,,
0.74,238,1.9,0.58,348,4.8,0.55,198,0.9,64,,,
0.99,438,3.4,0.6,37,2.3,0.28,539,4.7,65,,,
0.82,457,0.4,0.58,187,3.1,0.6,24,0.3,66,,,
0.57,203,1.6,0.28,31,3.2,0.67,428,3.1,67,,,
0.49,357,0.7,0.36,117,2.1,0.91,162,2.3,68,,,
0.76,586,0.1,0.41,526,1.3,0.56,20,3.6,69,,,
0.69,509,2.8,0.75,137,3.9,0.98,122,0.4,70,,,
0.28,219,2.8,0.43,354,4.9,0.87,389,0.8,71,,,
0.49,436,3.1,0.67,393,3.9,0.33,555,0.8,72,,,
0.83,336,4.8,0.56,344,2.3,0.55,478,4.5,73,,,
0.54,0,0.5,0.57,552,3.8,0.79,323,3.7,74,,,
0.67,31,2.3,0.88,241,3.2,0.95,561,1.4,75,,,
0.43,430,2.6,0.46,144,4,0.81,208,3.3,76,,,
0.51,600,3.6,0.51,566,5,0.88,471,3.4,77,,,
0.63,150,1.6,0.59,445,3.5,0.83,178,1.1,78,,,
0.22,570,4.7,0.55,332,4.5,0.5,142,4.7,79,,,
0.93,79,1.1,0.6,59,2.1,0.72,294,2.3,80,,,
0.37,580,2.6,0.25,394,1.1,0.87,40,1.8,81,,,
0.87,400,2.5,0.92,252,4.9,1,564,2.2,82,,,
0.74,465,2.6,0.55,528,3.5,0.69,583,3.2,83,,,
0.75,380,4.7,0.57,22,3.6,0.28,106,2,84,,,
0.83,103,2.7,0.77,222,0.3,0.52,281,4.8,85,,,
0.84,346,1.8,0.67,506,3.6,0.32,581,4.3,86,,,
0.7,441,3.7,0.42,47,0.4,0.26,205,2.1,87,,,
0.79,427,0.7,0.35,582,4.6,0.66,146,0.3,88,,,
0.79,78,1.2,0.81,172,4.4,0.38,162,2.9,89,,,
0.4,25,4.8,0.21,33,1.8,0.48,371,0.7,90,,,
0.36,581,3.3,0.75,498,1.2,0.75,232,4.6,91,,,
0.34,503,1.9,0.99,448,4.6,0.7,523,2.9,92,,,
0.74,184,1.7,0.32,340,4.3,0.89,50,2.9,93,,,
0.84,574,4.7,0.31,281,1,0.73,460,0.8,94,,,
0.9,86,0.3,0.29,186,4,0.41,490,1.3,95,,,
0.59,95,1,0.33,137,2.1,0.28,494,1.9,96,,,
0.94,453,2.8,0.61,83,3.3,0.84,215,1.1,97,,,
0.43,132,0.8,0.26,344,3,0.72,57,4,98,,,
0.22,272,3.1,0.4,295,0.4,0.2,45,3.6,99,,,
0.73,533,0.3,0.73,523,4.5,0.29,132,0.5,100,,,
0.91,246,3.5,0.95,116,2.7,0.99,374,2.1,101,,,
0.51,262,1.5,0.69,501,1.1,0.6,326,4,102,,,
0.61,343,1,0.42,287,2.1,0.73,186,3.4,103,,,
0.76,587,1.9,0.84,419,1,0.24,463,4.8,104,,,
0.35,13,2.3,0.43,313,2.5,0.99,457,1,105,,,
0.89,134,4.4,0.83,284,3.2,0.59,423,1.3,106,,,
0.57,128,4.9,0.42,271,1.8,0.46,477,0.5,107,,,
0.81,316,0.1,0.38,560,1.6,0.36,322,3.2,108,,,
0.87,468,4.5,0.41,541,0.4,0.36,529,0.9,109,,,
0.77,50,1.8,0.97,267,4.7,0.92,206,1.8,110,,,
0.38,217,1,0.38,463,2.5,0.8,268,3.6,111,,,
0.53,127,3.2,0.33,227,0.5,0.55,474,2.4,112,,,
0.47,39,0.7,0.83,466,1.8,0.86,397,1.5,113,,,
0.71,441,0.6,0.31,572,0.4,0.6,530,1.2,114,,,
0.48,362,4.9,0.75,574,0,0.37,184,1.9,115,,,
0.44,299,2.1,0.37,512,0.1,0.92,482,3.2,116,,,
0.34,557,0.5,0.41,512,4,0.96,419,1.3,117,,,
0.49,559,1.4,0.5,575,5,0.56,31,0.5,118,,,
0.34,573,0.2,0.96,260,2.5,0.89,129,0.3,119,,,
0.7,6,2.2,0.5,377,1.5,0.52,0,2.8,120,,,
0.41,324,2.4,0.24,132,0.8,0.75,508,4,121,,,
0.46,197,3.1,0.38,57,5,0.75,411,2.6,122,,,
0.99,61,2,0.82,258,0.1,0.44,506,4.5,123,,,
0.62,194,0.8,0.74,194,0.2,0.84,226,2.7,124,,,
0.4,292,0.8,0.96,339,2.2,0.24,382,1.1,125,,,
0.3,19,2.4,0.59,244,4.7,0.49,271,0,126,,,
0.69,223,2.1,0.52,560,4.9,0.34,351,1.7,127,,,
0.62,386,4.1,0.3,91,3.8,0.65,93,2.3,128,,,
0.84,136,3.9,0.77,562,1.2,0.48,27,3.8,129,,,
0.59,315,3.5,0.92,588,2.4,0.34,491,0.6,130,,,
0.6,507,0.6,0.94,495,2.5,0.29,150,2.8,131,,,
0.38,407,2.8,0.72,85,4.2,0.26,9,0.1,132,,,
0.9,103,2.3,0.27,73,4.8,0.48,79,1.2,133,,,
0.71,391,0.9,0.39,440,3.4,0.61,33,1,134,,,
0.77,244,4.1,0.34,41,4.6,0.99,118,3.6,135,,,
0.67,216,0.4,0.89,326,3.4,0.38,277,3.7,136,,,
0.62,442,1.6,0.82,434,3.6,0.87,268,1.5,137,,,
0.3,574,4.3,0.26,306,1.7,0.61,555,0.4,138,,,
0.27,265,4.7,0.5,376,0.7,0.7,57,5,139,,,
0.87,308,1.8,0.4,160,3.5,0.76,496,5,140,,,
0.72,99,0.5,0.74,570,0.5,0.42,446,2.9,141,,,
0.74,67,2.8,0.94,505,2.7,0.32,452,2,142,,,
0.55,445,1.3,0.89,357,4.5,0.48,2,0.7,143,,,
0.98,360,1.1,0.85,583,2.9,0.52,592,0.5,144,,,
0.72,41,1.8,0.24,534,4.2,0.46,44,2.6,145,,,
0.39,345,4.8,0.7,461,3.4,0.88,553,2.9,146,,,
0.56,374,1.1,0.34,564,2.7,0.42,331,2.5,147,,,
0.25,262,2.1,0.31,450,2.7,0.9,334,1,148,,,
0.6,64,4.3,0.87,430,0.1,0.82,494,0.6,149,,,
0.55,408,3.1,0.98,334,4.8,0.66,19,2.6,150,,,
0.56,47,0.5,0.9,285,3.2,0.27,249,0.1,151,,,
0.49,262,3.2,0.81,417,1.5,0.24,423,2.8,152,,,
0.37,282,3.7,0.94,38,3.9,0.87,258,1.7,153,,,
0.52,203,4.3,0.75,453,0.8,0.68,186,3.9,154,,,
0.71,533,4.2,0.3,322,4.7,0.36,191,1.8,155,,,
0.42,103,2.4,0.94,540,2.2,0.44,362,1.3,156,,,
0.88,62,2.9,0.69,86,3.1,0.4,135,2.3,157,,,
0.64,180,4.2,0.4,508,2.8,0.26,417,2.2,158,,,
0.34,343,0.2,0.49,486,3.7,0.78,323,4,159,,,
0.96,327,4.7,0.33,470,1,0.74,585,1.8,160,,,
0.61,585,3.2,0.68,494,2.9,0.29,137,4.5,161,,,
0.53,537,0.4,0.9,154,1.2,0.68,347,3.7,162,,,
0.35,497,2,0.5,181,2.4,0.64,407,4,163,,,
0.26,398,1,0.48,596,3.8,0.67,62,3.4,164,,,
0.29,241,3.8,0.47,395,4.4,0.7,86,0.3,165,,,
0.64,339,3.1,0.46,145,1.9,0.6,157,0,166,,,
0.29,498,4.4,0.78,320,1.9,0.88,280,1.9,167,,,
0.65,487,4.9,0.47,392,1.5,0.83,273,1.8,168,,,
0.72,585,4.2,0.33,1,4.9,0.48,160,1.4,169,,,
0.63,212,3.8,0.29,562,0.5,0.85,100,4.5,170,,,
0.99,490,3.2,0.68,550,1.9,0.3,94,1.8,171,,,
0.4,527,0.5,0.88,341,4.2,0.52,550,0.3,172,,,
0.67,106,2.8,0.62,512,3.6,0.8,128,1.4,173,,,
0.54,559,1,0.44,492,0.7,0.51,167,2.2,174,,,
0.56,365,0.6,0.95,148,3.2,0.69,150,3.5,175,,,
0.64,429,2.8,0.59,538,2,0.95,241,2.7,176,,,
0.27,49,3.3,0.94,131,0.4,0.24,29,4.1,177,,,
0.25,354,0.4,0.79,10,4.8,0.28,199,0.2,178,,,
0.4,298,0.1,0.24,320,1.1,0.65,280,2.1,179,,,
0.55,41,2.6,0.92,420,4.7,0.5,341,3.4,180,,,
0.98,196,2.3,0.94,322,2,0.29,344,1,181,,,
0.49,94,2.9,0.53,587,3.4,0.49,403,0.1,182,,,
0.24,25,3.3,0.24,183,2.2,0.91,204,2,183,,,
0.4,280,1.9,0.22,576,2.4,0.59,331,4.4,184,,,
0.42,149,2.7,0.25,444,1.5,0.91,403,0,185,,,
0.76,556,0.1,0.52,316,1.2,0.58,408,4.1,186,,,
0.82,354,2.4,0.94,244,0.9,0.32,377,1.8,187,,,
0.77,476,2.5,0.55,196,1.9,0.9,490,2.4,188,,,
0.55,408,0.6,1,429,2.1,0.92,530,4.4,189,,,
0.74,270,0.5,0.22,129,4.7,0.76,254,2.4,190,,,
0.77,332,3,0.88,419,0.9,0.29,542,1.4,191,,,
0.41,179,4.2,0.2,341,3.6,0.37,54,2.8,192,,,
0.98,223,4.9,0.95,106,4.2,0.82,133,2.4,193,,,
0.59,421,4.2,0.68,267,0.8,0.97,179,1.1,194,,,
0.85,84,0.3,0.65,40,1.9,0.22,539,1.4,195,,,
0.66,470,0.3,0.32,298,0.5,0.27,273,3.1,196,,,
0.42,23,2.5,0.76,322,3.7,0.7,578,2.9,197,,,
0.21,14,3.8,0.52,389,1,0.86,331,1.3,198,,,
0.34,499,4.3,0.49,306,3.2,0.93,401,4.5,199,,,
0.75,63,0.5,0.76,138,0.9,0.71,39,1.4,200,,,
0.49,49,0.2,0.26,569,1,0.44,436,0.8,201,,,
0.52,271,1,0.51,532,0.5,0.69,75,4.4,202,,,
0.41,484,0.6,0.3,323,4.3,0.25,164,1.4,203,,,
0.28,330,3.3,0.7,318,3.6,0.9,116,4.7,204,,,
0.72,142,1.2,0.39,100,0.1,0.31,249,1.6,205,,,
0.84,304,2.3,0.54,565,0.3,0.75,596,2.4,206,,,
0.84,353,0.6,0.48,181,0.5,0.24,63,1.5,207,,,
0.85,37,2.9,0.3,175,0.6,0.9,336,2.7,208,,,
0.9,164,1.3,0.31,148,3.8,0.84,440,4.8,209,,,
0.32,418,1.2,0.37,528,4.4,0.81,545,4.5,210,,,
0.47,189,2.5,0.5,561,3.1,0.61,490,3.1,211,,,
0.22,3,1.9,0.22,54,3.4,0.4,98,4.2,212,,,
0.8,478,2.4,0.26,37,3.3,0.97,499,1.2,213,,,
0.41,431,0.8,0.75,503,4.6,0.88,27,0.8,214,,,
0.24,69,2,0.77,192,1.2,0.21,458,3.5,215,,,
0.38,74,1.8,0.3,473,4.8,0.5,219,1.1,216,,,
0.43,479,4.8,0.62,52,1.3,0.92,263,0,217,,,
1,413,2.1,0.43,511,1.3,0.57,430,4.8,218,,,
0.63,191,4.5,0.77,266,3.4,0.4,317,1.8,219,,,
0.96,39,0.9,0.83,431,1,0.28,13,4.3,220,,,
0.27,521,2.4,0.66,114,2.8,0.23,340,0.3,221,,,
0.63,222,0.2,0.32,555,3.7,0.77,388,3.5,222,,,
0.98,352,3.9,0.71,410,1.1,0.68,284,3.2,223,,,
0.45,560,3.9,0.85,191,0,0.39,118,4.9,224,,,
0.61,286,4.2,0.97,5,2.8,0.53,520,2,225,,,
0.28,470,1.7,0.96,135,1.2,0.52,444,4.2,226,,,
0.88,273,1.8,0.61,450,1,0.99,314,2.3,227,,,
0.74,415,1,0.64,108,3.8,0.45,137,2.6,228,,,
0.39,378,0.5,0.81,574,3.7,0.33,468,1.1,229,,,
0.37,264,4.8,0.36,227,3.8,0.39,327,5,230,,,
1,382,4.4,0.98,554,0.3,0.53,571,1.1,231,,,
0.58,113,0.4,0.21,598,0.4,0.42,515,1.2,232,,,
0.76,492,2.4,0.83,42,2.6,0.95,128,4.1,233,,,
0.38,190,1.1,0.64,255,2,0.78,486,4.4,234,,,
0.57,255,2.5,0.72,207,1.6,0.94,320,0.2,235,,,
0.75,64,0.5,0.25,51,4.4,0.42,577,0.7,236,,,
0.28,461,3.6,0.79,403,0,0.57,440,4,237,,,
0.74,99,4,0.62,157,4.6,0.36,202,4.7,238,,,
0.25,30,2.3,0.54,152,5,0.95,392,1.8,239,,,
0.79,363,4.9,0.57,219,1.1,0.74,555,3.3,240,,,
0.54,344,0.3,0.26,193,3.9,0.9,288,1.7,241,,,
0.7,410,1.5,0.42,403,0.6,0.25,477,5,242,,,
0.46,117,1.4,0.5,529,3.6,0.46,454,3.1,243,,,
0.99,55,1.4,0.67,250,3.1,0.29,600,1,244,,,
0.91,408,0.3,0.91,273,4.9,0.31,278,5,245,,,
0.26,523,1.8,0.3,512,1.1,0.66,235,4.5,246,,,
0.43,221,0,0.42,434,1.4,0.51,164,2.9,247,,,
0.63,251,3.4,0.37,334,1.5,0.74,597,4,248,,,
0.76,129,2.7,0.96,559,4.1,0.49,83,2.5,249,,,
0.68,558,4.8,0.53,1,3.4,0.66,95,3.6,250,,,
0.95,96,2.6,0.71,566,2.5,0.32,371,3.1,251,,,
0.84,213,2.6,0.84,67,0.2,0.31,29,0.5,252,,,
0.57,535,4.9,0.64,542,2.6,0.83,479,3.9,253,,,
0.62,383,4.1,0.62,584,1.4,0.9,113,1.9,254,,,
0.45,526,3.7,0.84,483,2.4,0.95,505,1.4,255,,,
0.34,109,3.7,0.34,241,0.9,0.93,260,0,256,,,
0.68,176,4.7,0.62,186,1,0.39,514,1.1,257,,,
0.88,486,4.9,0.34,198,0.6,0.3,555,1.2,258,,,
0.63,190,0.9,0.62,575,3.3,0.35,595,4.7,259,,,
0.56,310,0.2,0.99,347,1.6,0.63,446,1.2,260,,,
0.97,314,4.8,0.89,1,3,0.43,596,1.3,261,,,
0.64,145,3.3,0.23,88,4.3,0.46,335,4.2,262,,,
0.86,71,0.7,0.87,176,4.2,0.26,564,2.3,263,,,
0.63,117,1.1,0.81,560,1.8,0.52,195,1.9,264,,,
0.55,295,4.6,0.58,33,4.9,0.63,213,0.8,265,,,
0.73,0,3.4,0.26,356,4.2,0.6,181,2,266,,,
0.87,365,1.5,0.36,290,0.8,0.55,189,3.3,267,,,
0.38,553,1,0.63,570,4.7,0.72,178,2.4,268,,,
0.72,212,4.3,0.47,57,0,0.92,140,3.2,269,,,
0.45,86,3.9,0.67,196,2.1,0.63,515,1.2,270,,,
0.55,221,0.3,0.65,25,2.2,0.52,564,3.6,271,,,
0.26,153,0.9,0.69,26,0.4,0.51,542,5,272,,,
0.75,492,2.4,0.48,8,2.3,0.35,581,1.3,273,,,
0.65,239,2.7,0.83,540,2.5,0.88,229,0,274,,,
0.34,8,0.5,0.44,258,3.4,0.46,345,0.4,275,,,
0.34,357,2.7,0.8,199,0.1,0.74,403,3.1,276,,,
0.65,429,3.4,0.53,542,3.4,0.91,184,3.4,277,,,
0.73,86,4.9,0.52,402,1.8,0.97,388,1.6,278,,,
0.24,163,4.2,0.38,68,0,0.5,505,0.6,279,,,
0.2,467,2.8,0.71,0,4.8,0.26,578,5,280,,,
0.79,502,4,0.55,99,0.6,0.65,374,0,281,,,
0.98,323,4.8,0.96,145,4.1,0.8,416,4.4,282,,,
0.67,590,0.9,0.44,261,1.5,0.35,531,4,283,,,
0.66,81,0.8,0.33,361,2.9,0.55,151,2.6,284,,,
0.33,431,3.7,0.35,578,3.4,0.78,148,4.4,285,,,
0.22,215,0.8,0.91,280,4,0.74,244,0.6,286,,,
0.5,445,4.7,0.86,440,2.8,0.71,408,1.7,287,,,
0.67,575,4.8,0.29,15,2,0.48,256,1.3,288,,,
0.97,471,0.8,0.21,258,4.2,0.87,447,3.9,289,,,
0.3,341,3.4,0.31,500,4.8,0.65,109,0,290,,,
0.96,138,4.7,0.41,531,0.2,0.95,490,2.1,291,,,
0.44,68,0.7,0.7,364,1.1,0.2,293,4.3,292,,,
0.46,348,2.2,0.45,129,4,0.8,205,3.1,293,,,
0.81,252,1.1,0.5,109,2.8,0.37,107,3.6,294,,,
0.64,258,0.4,0.71,384,0.6,0.44,139,4.3,295,,,
0.32,464,1,0.82,529,2.7,0.91,12,4.1,296,,,
0.74,160,3.6,0.44,515,2.5,0.98,280,3.5,297,,,
0.51,274,3.1,0.4,513,4.1,0.26,438,4.6,298,,,
0.65,524,4.1,0.4,348,3.3,0.22,285,4.2,299,,,
0.71,28,5,0.81,207,0.7,0.4,79,2.6,300,,,
0.46,542,3.1,0.74,466,4.1,0.83,535,3.6,301,,,
0.59,469,2.8,0.61,365,3.7,0.56,16,4.3,302,,,
0.97,423,3.4,0.68,488,0.2,1,566,2.7,303,,,
0.23,383,4.7,0.47,57,4.2,0.57,568,0.7,304,,,
0.62,298,4.5,0.42,468,3,0.69,468,4.2,305,,,
0.38,140,5,0.51,43,2.7,0.55,91,0.4,306,,,
0.95,177,2.9,0.53,6,0.4,0.22,286,0.3,307,,,
0.95,589,3.6,0.31,283,2.4,0.94,352,2.9,308,,,
0.41,543,0.4,0.73,88,4,0.35,231,2.5,309,,,
0.94,280,1.5,0.86,463,1.9,0.69,582,4.5,310,,,
0.99,82,3.8,0.25,108,5,0.51,330,1.2,311,,,
0.6,451,4.4,0.37,322,0.4,0.5,557,0.6,312,,,
0.2,289,2.3,0.27,567,4.1,0.37,431,4.6,313,,,
0.56,595,2.6,0.43,50,2,0.24,237,4.8,314,,,
0.25,552,1,0.93,47,1.9,0.59,88,1.1,315,,,
0.76,68,2.2,1,570,0.2,0.22,320,1.9,316,,,
0.67,286,2.1,0.36,417,0.9,0.42,220,1,317,,,
0.27,175,3.9,0.62,582,2.2,0.93,592,3.4,318,,,
0.99,156,1.4,0.37,419,4.3,0.86,139,1.8,319,,,
0.65,168,1.2,0.52,173,4.2,0.4,115,2.9,320,,,
0.42,554,3.2,0.93,374,4.7,0.39,356,2.5,321,,,
0.21,470,3.3,0.42,398,1,0.72,305,4.9,322,,,
0.55,57,1.1,0.5,363,2.9,0.6,11,4.1,323,,,
0.74,79,1,0.25,15,3.4,0.4,463,3.2,324,,,
0.25,510,0.7,0.47,446,1.4,0.64,51,1.5,325,,,
0.87,205,1.5,0.3,421,0.7,0.28,144,1.1,326,,,
0.96,107,1.1,0.76,519,1.9,0.41,321,4.5,327,,,
0.41,164,3.2,0.99,410,2.7,0.41,187,2.2,328,,,
0.56,230,2.9,0.39,287,2.6,0.55,168,0.7,329,,,
0.58,160,1.2,0.83,222,3.4,0.72,173,3,330,,,
0.58,79,4.6,0.44,191,3.1,0.37,137,3.2,331,,,
0.25,384,4.8,0.32,397,1.9,0.25,18,0.3,332,,,
0.69,405,2.3,0.23,179,2.7,0.94,307,2.1,333,,,
0.98,70,4.2,0.93,312,1.7,0.46,516,1.8,334,,,
0.46,172,0.8,0.36,267,4.8,0.39,309,0.8,335,,,
0.75,152,4.1,0.27,173,0.7,0.39,414,2,336,,,
0.86,161,1.8,0.66,485,3.9,0.74,184,1,337,,,
0.33,427,0.6,0.62,540,3.2,0.75,261,0.1,338,,,
0.54,349,4.4,0.84,569,4.7,0.64,86,0.5,339,,,
0.25,47,4.8,0.7,276,1.8,0.62,356,3,340,,,
0.31,295,4,0.94,123,2.8,0.67,50,4.4,341,,,
0.45,516,2.6,0.48,70,0.4,0.44,147,3.5,342,,,
0.22,368,3.7,0.72,303,1.8,0.24,193,0.9,343,,,
0.9,206,4.1,0.78,298,4.6,0.98,287,1.1,344,,,
0.43,462,0.8,0.71,286,0.2,0.84,1,4,345,,,
0.32,433,4,0.75,9,4.6,0.26,49,4.2,346,,,
0.97,285,2.4,0.5,281,3.6,0.38,219,0.4,347,,,
0.6,255,0.7,0.88,430,0.4,0.72,176,2.2,348,,,
0.45,489,3.1,0.57,56,0.7,0.85,146,4,349,,,
0.83,222,5,0.9,305,3.6,0.79,206,1.3,350,,,
0.77,78,4.3,0.88,306,1.9,0.36,493,2,351,,,
0.65,160,3.7,0.37,149,0,0.82,393,4.9,352,,,
0.37,174,4.1,0.35,513,4.3,0.37,119,0.2,353,,,
0.82,421,2,0.47,150,0.2,0.33,569,1.8,354,,,
0.25,581,0.3,0.5,247,3.5,0.58,385,2.2,355,,,
0.92,593,1.7,0.34,541,1.2,0.61,299,1.8,356,,,
0.6,541,1.7,0.52,553,0.4,0.63,333,3.2,357,,,
0.4,141,0,0.92,526,3.6,0.94,134,3.7,358,,,
0.58,63,2.9,0.27,300,4.6,0.96,100,0.8,359,,,
0.92,583,3.3,0.59,181,1.6,0.37,70,3.6,360,,,
0.5,473,0,0.72,212,3.7,0.29,556,3.9,361,,,
0.53,47,0.3,0.63,587,1,0.34,87,0.7,362,,,
0.94,503,3.9,0.55,450,3.8,0.21,150,0,363,,,
0.97,310,2.4,0.82,193,4.4,0.46,495,5,364,,,
0.37,311,0,0.38,207,1.7,0.42,398,1.6,365,,,
0.62,17,0,0.88,106,4.3,0.34,360,0.3,366,,,
0.46,528,2.1,0.39,50,2,0.21,455,1.3,367,,,
0.38,402,2.2,0.96,328,4,0.73,65,1.8,368,,,
0.33,126,2.7,0.72,147,4.8,0.64,188,4,369,,,
0.74,104,3.8,0.96,349,0.2,0.25,445,1.4,370,,,
0.47,470,4.1,0.92,251,1.2,0.85,215,4.2,371,,,
0.55,243,1.4,0.51,528,1.7,0.3,479,4.8,372,,,
0.2,166,2,0.51,560,0.1,0.67,454,2.3,373,,,
0.53,169,2.1,0.64,259,1.8,0.59,37,1.4,374,,,
0.58,168,1.4,0.28,180,2.8,0.56,120,0,375,,,
0.49,472,2,0.91,156,2.7,0.51,483,4.3,376,,,
0.73,168,0.7,0.93,16,3.3,0.97,308,2.5,377,,,
0.92,75,0.9,0.32,6,0,0.25,58,1.6,378,,,
0.88,198,2.5,0.24,91,2.3,0.74,243,4.5,379,,,
0.5,170,3,0.75,33,1.8,0.69,409,4.1,380,,,
0.73,285,4.6,0.44,228,2.1,0.34,524,4.5,381,,,
0.48,442,4.2,0.88,153,2.6,0.51,243,4.5,382,,,
0.48,387,3.5,0.97,457,0.3,0.6,31,5,383,,,
0.47,519,3.5,0.6,452,2.2,0.45,275,4.3,384,,,
0.77,134,1.4,0.72,125,3,0.76,514,4.5,385,,,
0.95,332,0.3,0.69,467,4.6,0.35,138,4.7,386,,,
0.69,92,2.2,0.92,591,3,0.58,581,5,387,,,
0.97,164,0.4,0.63,64,0.7,0.83,482,1.5,388,,,
0.92,430,3.6,0.92,53,4.6,0.33,332,4.6,389,,,
0.44,411,2.2,0.32,55,0.3,0.5,225,3.4,390,,,
0.93,533,2.8,0.4,441,1,0.53,247,4.8,391,,,
0.39,533,4.8,0.74,475,2.1,0.26,318,1.8,392,,,
0.75,255,4,0.99,439,5,0.57,335,3.9,393,,,
0.58,234,3.5,1,249,3.9,0.47,553,2.7,394,,,
0.5,219,4.5,0.54,1,2.9,0.78,193,2.4,395,,,
0.53,557,4.1,0.43,259,4,0.33,559,2.7,396,,,
0.85,162,3.1,0.81,132,2.9,0.65,595,1,397,,,
0.53,388,0.7,0.3,434,4.5,0.94,428,2.4,398,,,
0.64,132,2.3,0.94,141,2.9,0.6,0,3.2,399,,,
0.29,33,2.5,0.69,187,2.4,0.44,542,2.9,400,,,
0.89,289,4.8,0.93,281,4.6,0.42,195,0.2,401,,,
0.26,13,3.4,0.79,537,0.2,0.94,49,2.1,402,,,
0.66,29,2.5,0.86,494,2.9,0.54,528,3.4,403,,,
0.42,496,1.7,0.54,125,2.2,0.96,528,4.4,404,,,
0.67,337,4.5,0.63,323,0.7,0.98,411,0.4,405,,,
0.44,450,2.8,1,402,3.4,0.64,229,4.8,406,,,
0.88,310,4.1,0.21,91,1.9,0.37,506,3.1,407,,,
0.97,99,3.8,0.65,30,0.3,0.91,130,0.3,408,,,
0.9,371,1.9,0.88,290,1.4,0.59,572,0.8,409,,,
0.33,317,0,0.8,228,1.9,0.89,368,2.7,410,,,
0.22,489,3.1,0.44,99,2.9,0.61,414,0.1,411,,,
0.95,112,0.5,0.83,506,3.5,0.82,363,4.4,412,,,
0.62,149,1.8,0.93,307,4.1,0.91,509,5,413,,,
0.92,100,1.1,0.57,45,0.4,0.39,318,4.2,414,,,
0.68,64,5,0.48,557,1.9,0.7,269,3.1,415,,,
0.95,109,4,0.83,307,3.9,0.57,243,4.5,416,,,
0.42,566,2.4,0.92,57,0.2,0.85,491,1.8,417,,,
0.37,114,3.4,0.95,326,4.8,0.26,558,3.1,418,,,
0.93,474,2.8,0.48,433,0.6,0.33,251,0.6,419,,,
0.61,243,0.2,0.86,567,4.6,0.69,218,0.9,420,,,
0.33,253,4.6,0.41,570,2.7,0.52,158,1.5,421,,,
0.43,33,2.7,0.37,201,0,0.46,419,4.9,422,,,
0.69,426,4.1,0.42,505,2.8,0.33,215,4.5,423,,,
0.94,232,0.4,0.94,159,0.6,0.89,233,0.2,424,,,
0.45,461,4.6,0.69,399,3.3,0.44,292,3.4,425,,,
0.6,172,1.2,0.23,54,0.9,0.47,9,0.8,426,,,
0.48,271,3.6,0.49,11,4.8,0.86,557,2.1,427,,,
0.25,571,3.4,0.33,367,1.2,0.71,504,0.9,428,,,
0.23,540,1.1,0.6,103,3.3,0.62,5,1.8,429,,,
0.52,325,2.5,0.57,534,4.9,0.39,89,4,430,,,
0.21,56,1.5,0.22,475,0.8,0.48,141,3.4,431,,,
0.96,102,1.9,0.32,425,1.2,0.25,255,3.6,432,,,
0.45,383,4.5,0.63,318,3.3,0.86,357,2.2,433,,,
0.89,536,4.7,0.81,509,3.9,0.6,426,2.5,434,,,
0.58,358,1.3,0.34,457,4.6,0.53,91,0.9,435,,,
0.68,230,4.6,0.61,82,1.9,0.92,70,4.2,436,,,
0.68,493,1,0.92,340,4.3,0.23,154,2.1,437,,,
0.65,23,0.8,0.66,415,2.7,0.21,596,0.6,438,,,
0.56,471,3.2,0.8,456,0.4,0.39,577,4.1,439,,,
0.72,150,3.2,0.47,328,2.9,0.32,593,4.2,440,,,
0.64,27,1.7,0.55,574,2.2,0.77,407,0.6,441,,,
0.46,177,0.6,0.62,125,1.6,0.85,28,2.1,442,,,
0.42,97,2.9,0.68,220,1.4,0.66,33,4.5,443,,,
0.79,402,1.8,0.84,206,3.9,0.95,270,2.3,444,,,
0.71,302,3.1,0.9,146,3.8,0.49,166,1.3,445,,,
0.73,393,0.4,0.21,506,3.1,0.23,338,2.5,446,,,
0.75,152,2.4,0.47,101,4.1,0.58,500,1.5,447,,,
0.94,204,4.2,0.94,428,3.8,0.36,215,0.6,448,,,
0.96,506,4.4,0.24,357,4.1,0.87,418,4,449,,,
0.76,593,3.7,0.81,311,3.8,0.5,373,0.7,450,,,
0.48,409,0,0.44,198,2.4,0.93,360,3.6,451,,,
0.91,410,2.7,0.41,6,2.7,0.96,117,4.3,452,,,
0.87,56,1.8,0.84,498,2,0.77,547,4.3,453,,,
0.2,551,1.6,0.26,448,3.8,0.37,347,3.1,454,,,
0.68,268,0.6,0.21,581,1.5,0.36,501,4.5,455,,,
0.32,564,1.9,0.55,514,4.6,0.73,318,1.9,456,,,
0.58,514,0.9,0.88,205,1.9,0.65,138,2.2,457,,,
0.27,400,4.2,0.65,310,1.4,0.7,118,1.8,458,,,
0.89,145,3.9,0.98,235,3.3,0.82,76,4.8,459,,,
0.46,43,3.3,0.42,2,2.8,0.93,342,1,460,,,
0.83,173,3.6,0.67,364,2.9,0.6,92,4.8,461,,,
0.6,469,4.2,0.34,585,0,0.41,265,0,462,,,
0.3,339,1,0.79,309,4.6,0.34,529,4.2,463,,,
0.44,99,4.2,0.86,515,1.2,0.61,547,2,464,,,
0.89,170,1.4,0.95,469,5,0.73,423,1.7,465,,,
0.4,28,2.1,0.48,100,1.9,0.82,361,1.3,466,,,
0.59,345,2,0.26,492,3,0.97,438,1.6,467,,,
0.69,572,3.7,0.48,540,1.8,0.5,114,0.5,468,,,
0.38,356,1.9,0.25,42,2.1,0.77,5,1.6,469,,,
0.38,377,1.9,0.5,114,1.3,0.26,509,3.6,470,,,
0.72,260,4.6,0.43,573,1.1,0.65,356,3.2,471,,,
0.9,559,1,0.93,113,3.1,1,316,1.3,472,,,
0.92,450,0.8,0.58,83,1.3,0.97,21,2.8,473,,,
0.63,171,4.8,0.68,4,2.3,0.73,346,3.8,474,,,
0.96,501,1.3,0.56,318,4.5,0.36,84,0.4,475,,,
0.59,490,5,0.21,52,0.1,0.64,273,3,476,,,
0.95,159,0.1,0.6,396,2.4,0.3,166,4.5,477,,,
0.56,553,4.9,0.48,454,4.1,0.38,306,0.1,478,,,
0.35,149,3.7,0.99,124,2.1,0.52,342,4.5,479,,,
0.33,157,0.4,0.54,344,1.7,0.45,283,3,480,,,
0.71,277,1.4,0.51,461,4.4,0.86,80,3.7,481,,,
0.99,196,0.1,0.8,394,4.1,0.37,178,2.9,482,,,
0.47,526,1.8,0.97,122,3.7,0.36,27,2.4,483,,,
0.95,578,0.4,0.78,576,1.9,0.62,510,2.6,484,,,
0.53,171,4.6,0.33,254,0.4,0.38,210,0,485,,,
0.28,177,3.4,0.57,158,3.1,0.49,597,2.6,486,,,
0.34,418,1.4,0.83,355,3.9,0.54,128,1.3,487,,,
0.21,211,0.7,0.7,239,4.6,0.86,96,4.2,488,,,
0.86,441,4,0.46,533,2.6,0.21,326,4,489,,,
0.67,91,3.9,0.9,553,1.2,0.78,547,3.4,490,,,
0.53,4,2.6,0.56,130,2.1,0.75,28,0.1,491,,,
0.43,557,1.8,0.84,12,4,0.76,192,0.6,492,,,
0.7,308,2.6,0.66,4,3.6,0.42,116,1.6,493,,,
0.47,360,0.7,0.47,485,2.2,0.28,171,3.4,494,,,
0.52,595,0.5,1,579,2.4,0.98,122,3.7,495,,,
0.48,555,4.5,0.95,104,1.8,0.75,480,0.9,496,,,
0.25,215,5,0.35,242,1.7,0.53,366,0.8,497,,,
0.66,478,1,0.94,47,1.5,0.64,557,2,498,,,
0.68,486,4,0.31,391,3.1,0.73,82,0.1,499,,,
