Experiment 1,,,,,,,,,,,,,
Path 1,0.628997912,0.849248042,50.12643337,71.3789463,0.665715644,0.660603159,67.09984909,,,,,,
Path 2,0.758997912,0.799248042,1.109498695,109.2011929,57.69836903,17.77422428,0.344003822,0.105475117,3.973891342,52.97852793,,,
Path 3,0.938956159,0.938997912,1.138705637,1.008996865,54.36766148,9.284257889,77.6309967,44.61836815,0.421213862,0.259565468,0.115662651,0,72.13897287
,,,,,,,,,,,,,
Experiment 2,,,,,,,,,,,,,
Path 1,0.789248826,1.049498956,102.8646231,185.7042313,1.447619048,3.846153846,45.25098719,,,,,,
Path 2,0.529248434,1.068998435,1.158998435,94.30456161,124.0416765,134.9571943,5.879550219,0.030373595,1.043143609,41.80068074,,,
Path 3,0.878998435,1.109248826,0.989248826,0.999248042,31.84235096,26.49736404,92.90957451,70.6936121,0.684020521,1.999234743,0,0.019521718,55.67087119
,,,,,,,,,,,,,
Experiment 3,,,,,,,,,,,,,
Path 1,0.63900156,1.099251948,45.01235485,133.9195967,0.285306705,0.200286123,75.85438807,,,,,,
Path 2,0.91900156,0.979001041,0.949001041,71.64609432,4.907011986,79.1400671,0,0,0,82.91307028,,,
Path 3,0.82900156,0.95925117,1.04925117,0.89925078,62.39020824,25.24888515,65.89305401,98.56832027,1.943885857,3.828125,0.690495532,0.235173824,46.68150233
,,,,,,,,,,,,,
Experiment 4,,,,,,,,,,,,,
Path 1,0.699248434,0.999248826,140.4515505,190.1346445,6.372035432,0.946083418,38.70791781,,,,,,
Path 2,0.619248434,1.118997912,1.128997912,107.5270176,47.76418209,33.39004517,0.764379897,0.539187368,0.658276864,63.18133259,,,
Path 3,0.859248434,1.049248826,0.958998435,1.078998435,56.15091324,9.765744209,45.22025585,65.19675255,3.696963892,2.098458478,0.680617635,1.513756776,40.79210185
,,,,,,,,,,,,,
Experiment 5,,,,,,,,,,,,,
Path 1,0.628996865,0.989247649,117.9462671,180.7463169,1.00817957,1.239431207,56.32982915,,,,,,
Path 2,0.709247649,0.879247649,1.049248042,37.27793694,85.73889732,51.04732513,0.943935927,2.752911734,0.524596654,53.89780591,,,
Path 3,0.559247649,0.988996341,1.168996865,1.139247649,74.76818562,46.15736008,64.41676617,3.206014633,1.321041627,4.083598189,0.33135857,2.881321781,25.7157046
,,,,,,,,,,,,,
Experiment 6,,,,,,,,,,,,,
Path 1,0.779247649,1.188997389,94.6649313,150.1725912,0.276190476,4.755992742,47.91666733,,,,,,
Path 2,0.629498433,0.809248042,0.849248042,24.7386694,103.4435034,111.0373735,5.802891933,2.898404363,0.707228289,40.74597196,,,
Path 3,0.589247649,0.868996865,1.058997389,1.018997389,61.39969826,68.48502159,65.4592514,82.49735832,2.625799675,0.460874681,0.453157324,0.128649184,44.96111895
,,,,,,,,,,,,,
Experiment 7,,,,,,,,,,,,,
Path 1,0.829002597,0.839002597,23.97596836,110.0565195,0.421254189,0.298048265,80.07327443,,,,,,
Path 2,0.549002597,1.069251559,0.969251948,111.8456125,125.151515,109.0192795,4.130103014,0.24873147,2.294035508,31.51396531,,,
Path 3,0.629003115,0.899252336,0.989251559,0.809251559,24.81222153,55.62257767,104.3885946,33.52916241,0.542082739,0.439854657,0.461006531,1.534156696,43.23044727
,,,,,,,,,,,,,
Experiment 8,,,,,,,,,,,,,
Path 1,0.58927236,0.879029323,14.04523849,87.29600906,0.362872422,0.431282346,54.4773823,,,,,,
Path 2,0.80927236,0.849029813,0.829029813,87.35644817,106.9840193,90.66390991,6.127333652,0.254971953,0.940695297,47.63295537,,,
Path 3,0.69927236,1.05927236,1.089029813,0.98927236,70.05417347,5.963563919,12.57145405,88.52827549,2.018855347,1.904947031,0.287327851,0.516693164,49.9858781
,,,,,,,,,,,,,
Experiment 9,,,,,,,,,,,,,
Path 1,0.77925117,1.09900156,86.09366417,14.71364498,2.133943031,1.372529933,54.1646952,,,,,,
Path 2,0.83925117,0.89925078,0.829001041,122.4474907,33.41376781,137.6527548,8.418733838,0.554277348,0.199810706,49.04534048,,,
Path 3,0.899001041,0.87900156,1.02925117,1.13925117,24.07157421,35.06958485,48.73669147,102.1153927,0.769523086,2.977501197,0.374975331,0.752773376,44.66740236
,,,,,,,,,,,,,
Experiment 10,,,,,,,,,,,,,
Path 1,0.799328984,1.089105312,55.5870533,199.8479366,3.886724318,2.916749061,41.41244358,,,,,,
Path 2,0.959328984,0.869104895,0.839104895,7.880091667,25.54690838,19.25170422,1.757640855,2.315873174,2.167277167,48.09681247,,,
Path 3,0.849328984,1.049328984,1.189328984,0.979104895,2.499580383,28.29647064,89.92600441,79.07223701,0.526114406,4.106164054,0.230645808,0.291486582,49.0065421
,,,,,,,,,,,,,
Experiment 11,,,,,,,,,,,,,
Path 1,0.799247649,0.899247649,187.2423887,179.3208122,0.474833808,2.919847328,57.21659537,,,,,,
Path 2,0.669247649,1.169247649,0.978996341,91.26484394,83.94050598,58.62593651,5.756767061,0.161812298,0.121555916,50.53565389,,,
Path 3,0.918996865,1.118996865,0.888996865,1.158996341,46.35465145,92.79310703,42.58561134,51.65052414,2.565076952,0.06825273,0.078056396,0.048823357,59.42524281
,,,,,,,,,,,,,
Experiment 12,,,,,,,,,,,,,
Path 1,0.548997912,0.909248434,103.903532,162.38904,6.496231995,3.815547847,21.89472349,,,,,,
Path 2,0.609248434,1.049248434,1.178997912,125.6169081,90.64793587,69.52297688,4.940749235,0.904795416,1.389875216,43.05768957,,,
Path 3,0.929248434,0.978997912,0.879248434,1.189248434,54.75091934,63.28213215,91.4542675,52.6112318,0.52246604,0.439266616,0,0.009591406,70.93743903
,,,,,,,,,,,,,
Experiment 13,,,,,,,,,,,,,
Path 1,0.519251948,0.81950078,31.9827795,108.8951826,0.095383441,2.549169372,33.60683767,,,,,,
Path 2,0.849002597,0.829002079,1.049251559,94.41995621,122.9236126,23.24354649,2.652494494,2.891992918,3.555510535,39.58871023,,,
Path 3,0.619251948,0.79925117,0.98900156,1.139002079,18.78380775,76.59447193,92.2999382,46.28038406,4.386887126,2.229108357,0.071567324,0.306936771,39.97167841
,,,,,,,,,,,,,
Experiment 14,,,,,,,,,,,,,
Path 1,0.839248826,0.898997912,137.5459433,44.26717758,0.258571155,3.27412386,55.34990457,,,,,,
Path 2,0.899248826,1.168996865,0.838996341,83.45913887,56.73885345,27.3296833,1.140795632,1.459710031,5.424882394,48.25812099,,,
Path 3,0.889499218,1.129248826,1.039248042,0.978997389,97.01347351,57.93631077,99.14445877,52.65247822,1.044932079,4.367860228,2.911062036,1.426799007,41.68440117
,,,,,,,,,,,,,
Experiment 15,,,,,,,,,,,,,
Path 1,0.869348121,1.169347826,166.8485403,189.1851425,0.536039054,3.647387162,51.06360338,,,,,,
Path 2,0.779348121,0.869348416,1.029348416,88.92989159,80.69574833,87.20755577,0.514334699,0.038295835,0.181974907,73.16993338,,,
Path 3,0.609130828,1.069348121,0.989348121,1.139565611,38.75625134,78.96327972,70.76227665,74.53358173,1.882465361,4.626022594,0.11232513,0.695154365,38.66277622
,,,,,,,,,,,,,
Experiment 16,,,,,,,,,,,,,
Path 1,0.559000521,0.889000521,66.54453278,96.24862671,6.056284465,4.392267989,22.31029193,,,,,,
Path 2,0.779000521,0.82925,0.888958876,96.60506248,41.76664352,75.05881786,1.428571429,0.057971014,0.174013921,65.93950841,,,
Path 3,0.63925,0.80925,0.95925,0.91925,92.13554859,46.39577866,37.28604317,50.11212826,4.51542936,3.138874548,0.51167253,1.810778956,35.47139597
,,,,,,,,,,,,,
Experiment 17,,,,,,,,,,,,,
Path 1,0.539246468,0.879246073,110.5955839,28.09333801,0.238254074,0.993504012,43.41431014,,,,,,
Path 2,0.909246468,1.039246468,1.059246468,32.23931789,45.5673933,3.287196159,0.477008205,1.370782209,3.061522014,54.80639196,,,
Path 3,0.70899529,0.92899529,0.939246468,0.908994764,77.91364193,67.0030117,8.668899536,30.16543388,1.554453557,1.172139882,0.215643991,0.225933202,56.29294514
,,,,,,,,,,,,,
Experiment 18,,,,,,,,,,,,,
Path 1,0.909249218,0.988998435,98.97005558,120.2663183,2.785727915,1.874386654,50.70573366,,,,,,
Path 2,0.538998957,0.848998957,0.938998957,48.78461361,78.77194881,123.487711,0.952834683,0.336700337,1.332046332,37.26420091,,,
Path 3,0.969248826,0.849248826,1.139249218,1.199249218,36.3162756,15.43545723,71.72608376,10.39493084,1.770334928,1.578178276,3.701870731,1.911810052,38.0524856
,,,,,,,,,,,,,
Experiment 19,,,,,,,,,,,,,
Path 1,0.669247649,0.949247256,165.7149792,109.0335846,5.022874571,0.070245861,43.77877119,,,,,,
Path 2,0.529247649,0.989247256,0.878996341,26.40247345,10.89739799,47.84548283,6.462848297,0.734381465,0.802334063,37.12011733,,,
Path 3,0.889247649,1.018996865,0.949247256,1.189247649,46.2552309,45.98009586,49.13079739,34.49559212,4.272427824,2.681914786,2.631031614,1.420484887,33.41468185
,,,,,,,,,,,,,
Experiment 20,,,,,,,,,,,,,
Path 1,0.609326158,0.989325527,135.0204945,121.8868494,1.528613738,6.316095857,35.05925298,,,,,,
Path 2,0.979101544,1.149325527,0.869325527,17.0994997,27.78112888,95.74317932,0.881141653,0.29954585,9.187827098,51.98344043,,,
Path 3,0.509326158,1.199326158,1.149100703,1.189101124,61.7762804,49.3928194,56.91468716,99.24757481,0.314615311,1.166794185,0.05806077,0.048412084,32.75393307
,,,,,,,,,,,,,
Experiment 21,,,,,,,,,,,,,
Path 1,0.619011837,0.889011837,143.1683302,181.3321114,0.133740925,1.453988904,53.15410028,,,,,,
Path 2,0.989258878,0.849011837,1.059258878,58.94196033,96.46379948,0.681877136,0.660287081,1.5605433,0.02935708,63.70845824,,,
Path 3,0.679505919,0.849258878,0.819258878,0.829258878,36.40782833,96.64106369,35.86184978,13.4267807,1.409121203,0.057943023,0.434824621,0.029114907,68.21577614
,,,,,,,,,,,,,
Experiment 22,,,,,,,,,,,,,
Path 1,0.999054653,1.03929099,53.20739746,97.1930027,2.998084291,5.796385899,32.35899696,,,,,,
Path 2,0.649054653,1.189054187,0.849290291,128.0726194,49.51691628,146.5975046,0.190949017,3.376697915,5.97960598,40.33991332,,,
Path 3,0.779291339,0.929291339,0.839054187,0.88929099,62.08372116,59.00835991,104.1619778,99.21908379,4.742857143,0.269946011,0.94235589,0.283372128,46.02071375
,,,,,,,,,,,,,
Experiment 23,,,,,,,,,,,,,
Path 1,0.499004149,1.199003633,111.5062237,70.88041306,0.608654303,0.296622333,39.88435065,,,,,,
Path 2,0.899253112,1.009003633,1.159252724,110.8468771,27.67550945,120.1380491,1.920882465,2.133023075,1.882306321,48.98311548,,,
Path 3,0.859004149,1.059253112,1.029252336,0.939003633,25.801301,9.808301926,57.69109726,98.19304943,0.440402106,1.317434369,0.789319821,1.601021511,48.68493431
,,,,,,,,,,,,,
Experiment 24,,,,,,,,,,,,,
Path 1,0.938998435,1.039499479,144.032836,160.279274,3.028560475,5.712591421,30.75737389,,,,,,
Path 2,0.649248826,1.168998435,1.188999479,69.40376759,36.267519,103.3802032,2.769554006,0.746488557,1.306284018,50.41994403,,,
Path 3,0.889248826,0.818998957,1.068998957,0.969249218,101.1241674,13.63062859,55.64558506,40.80033302,3.390479839,0.198275007,0.089401013,0.149135017,50.74580986
,,,,,,,,,,,,,
Experiment 25,,,,,,,,,,,,,
Path 1,0.509255429,0.869255044,58.5000515,110.5941534,0.324241846,1.19594336,38.1202956,,,,,,
Path 2,0.929255429,1.199254658,0.849006211,78.03404331,15.25223255,9.246110916,5.388075414,0.141614404,0.081037277,51.85091952,,,
Path 3,0.779007239,0.879006725,1.189006725,0.969006725,74.21243191,97.64659405,94.73419189,64.58997726,0.875940208,0.18249928,1.558891455,5.718475073,44.70074437
,,,,,,,,,,,,,
Experiment 26,,,,,,,,,,,,,
Path 1,0.539247256,1.149247256,114.0003204,203.204155,1.162458313,3.017449147,31.79094097,,,,,,
Path 2,0.768996341,1.099247256,0.868996341,79.56790924,20.33364773,95.57199478,2.130912566,2.245655145,0.219736316,50.60022685,,,
Path 3,0.539247256,1.029247256,1.118996341,1.049247256,3.148555756,37.78707981,99.76053238,75.46949387,2.50643286,0.039100684,0.146684921,0.117520321,41.23546557
,,,,,,,,,,,,,
Experiment 27,,,,,,,,,,,,,
Path 1,0.929501558,0.899501558,153.2005072,97.11706638,4.62416746,4.778531524,29.68200369,,,,,,
Path 2,0.709252336,1.189002597,0.879251948,98.43015671,17.46869087,101.0990143,2.548196221,0.156693762,0.519862678,56.25185071,,,
Path 3,0.869501558,0.959251948,1.139251948,1.139003115,103.2004356,54.79764938,48.45774174,96.72045708,5.341757611,0.707928803,0.091668364,0.265062698,44.31745759
,,,,,,,,,,,,,
Experiment 28,,,,,,,,,,,,,
Path 1,0.729498695,0.859247649,118.4417009,94.46585178,6.004398126,3.753433018,27.9029881,,,,,,
Path 2,0.758997389,1.078996865,0.989247649,45.63450813,38.38372231,44.14820671,2.198432422,2.824472244,1.08619129,49.97818855,,,
Path 3,0.819498695,0.909248042,1.068996865,1.119247649,41.38684273,84.81800556,88.28234673,67.32261181,6.884335504,0.287917738,1.732494586,0.892013852,46.88189651
,,,,,,,,,,,,,
Experiment 29,,,,,,,,,,,,,
Path 1,0.929248042,1.078997389,51.54442787,100.8219719,1.407506702,3.74866466,47.66825957,,,,,,
Path 2,0.819248042,0.808997389,0.969248042,24.46341515,122.6929426,6.278276443,2.336269628,0.774509804,2.934492639,45.72942463,,,
Path 3,0.728997389,0.879248042,0.879248042,0.798997389,100.1597643,16.87669754,82.03518391,28.55598927,5.52634095,0.647707722,0.061118468,0.519824687,45.11483023
,,,,,,,,,,,,,
Experiment 30,,,,,,,,,,,,,
Path 1,0.869,0.879,116.181612,80.54149151,7.155172414,3.115650469,28.1032783,,,,,,
Path 2,0.68925,0.819,1.14925,78.19652557,99.30348396,84.93328094,0.447448591,1.051926939,0.028993911,63.98008165,,,
Path 3,0.64925,1.09925,0.908999479,0.839,61.67924404,46.23603821,19.75488663,20.83408833,4.664524296,1.51174668,2.281684298,3.375079601,34.29663105
,,,,,,,,,,,,,
Experiment 31,,,,,,,,,,,,,
Path 1,0.839253499,0.969004666,6.56414032,200.6998062,0.067024129,0.354508,79.70395329,,,,,,
Path 2,0.939253499,0.939253499,1.149253886,89.77603912,123.6692667,78.26852798,6.213499282,0.877909351,1.328527291,45.28438548,,,
Path 3,0.949005181,0.959253499,1.069253499,0.959004666,38.79141808,100.2860069,63.10987473,53.70998383,0.513552068,0.143389733,0.717978173,0.241056793,63.30242238
,,,,,,,,,,,,,
Experiment 32,,,,,,,,,,,,,
Path 1,0.939248434,1.099498956,6.374835968,170.5319881,3.780350374,7.634156729,27.01809702,,,,,,
Path 2,0.589248434,0.868997912,1.078997912,82.93545246,7.460594177,81.77435398,1.699770817,0.47600544,0.75158614,44.34359009,,,
Path 3,0.649248434,1.129248434,1.059248434,1.129248826,73.86386395,70.25682926,76.2065649,74.38218594,0.630071599,0.009607071,0.067255957,0.298048265,66.66223503
,,,,,,,,,,,,,
Experiment 33,,,,,,,,,,,,,
Path 1,0.759256198,0.809504132,67.23368168,114.4622564,2.217125382,0.674354965,56.06486753,,,,,,
Path 2,0.789256198,0.969007752,1.149256198,124.8497963,110.3864908,61.09201908,0.209463963,0.124033966,0.257928926,75.43507716,,,
Path 3,0.889008264,0.839008264,1.039256198,1.089256198,26.62312984,40.70711136,100.5350351,68.20631027,0.612968107,2.727185121,1.882306321,0.525040388,48.90628707
,,,,,,,,,,,,,
Experiment 34,,,,,,,,,,,,,
Path 1,0.52925039,1.01950026,31.82423115,189.1474724,2.544553512,5.90651281,22.82021276,,,,,,
Path 2,0.569000521,0.829000521,0.98925039,119.0029383,31.84759617,114.3200397,4.363117871,2.643872378,2.25625319,29.44718426,,,
Path 3,0.95950026,0.98925078,1.159001041,1.05925039,76.88617706,15.49196243,5.509972572,59.69381332,5.613861386,0.2307773,0.231311113,0.80092739,50.06711742
,,,,,,,,,,,,,
Experiment 35,,,,,,,,,,,,,
Path 1,0.868997389,0.959498695,181.2046766,140.4592991,1.292484442,7.769156159,31.90853062,,,,,,
Path 2,0.898997389,1.098996865,0.909247256,98.13821316,117.8697348,31.91018105,0.14266692,0.466711115,2.593301435,58.09408994,,,
Path 3,0.658997389,0.818997389,1.179248042,0.839248042,62.2228384,45.05729675,46.91958427,28.24771404,1.000476417,0.673724735,0.881782946,0.068432887,56.44885733
,,,,,,,,,,,,,
Experiment 36,,,,,,,,,,,,,
Path 1,0.769274924,1.059274924,173.7622023,125.602603,1.929874845,2.971261568,47.99978969,,,,,,
Path 2,0.799274924,0.969033233,1.099274559,131.3364506,38.7339592,37.96041012,2.641330166,1.883478091,2.158344937,45.05190116,,,
Path 3,0.959274924,0.879033719,1.049033233,0.819033233,84.9814415,58.32636356,19.58274841,44.00980473,2.949344058,2.585101135,0.020257267,1.914699625,39.98484312
,,,,,,,,,,,,,
Experiment 37,,,,,,,,,,,,,
Path 1,0.829266802,0.879022403,117.9271936,195.5265999,1.340610936,0.417354169,66.51834261,,,,,,
Path 2,0.779021905,0.999267176,1.089266802,110.2306843,66.98489189,17.21215248,6.658411126,0.040820492,1.56202144,46.93419071,,,
Path 3,0.859266802,0.989266802,1.189511202,1.059022403,28.91755104,90.41905403,81.777215,18.57173443,0.191497511,0.009593246,0,0,82.47638577
,,,,,,,,,,,,,
Experiment 38,,,,,,,,,,,,,
Path 1,0.949,0.959,32.41825104,168.9386368,1.141335362,0.606118915,71.46334739,,,,,,
Path 2,0.83925,0.858999479,1.189249609,139.8682594,30.64239025,52.03354359,0.105384173,0.297305073,0.038476337,74.92635952,,,
Path 3,0.759,1.07925,1.029249609,1.14925,80.66618443,103.983283,80.56032658,88.73653412,0,0.019105846,0,0.047773744,69.39565432
,,,,,,,,,,,,,
Experiment 39,,,,,,,,,,,,,
Path 1,0.669270147,1.089025381,72.35717773,110.6511354,0.161981896,1.011643443,72.11687142,,,,,,
Path 2,0.749270147,1.129025381,1.009269036,145.3255415,106.2281132,135.9446049,4.907275321,0.350035004,0.642312324,48.84071324,,,
Path 3,0.659513431,0.959269036,0.949025875,1.059025381,81.51590824,50.2114296,49.70955849,89.01035786,8.560533842,0.260633862,0.114978572,0.334868146,46.23261963
,,,,,,,,,,,,,
Experiment 40,,,,,,,,,,,,,
Path 1,0.599282511,0.909043348,141.4300203,128.0704737,3.130966018,3.320851399,33.22376287,,,,,,
Path 2,0.989043348,1.099282869,1.159043348,100.0907421,120.9489107,40.3482914,3.102988768,1.650294695,0.699161007,50.32246546,,,
Path 3,0.909282511,0.979282511,1.019043348,0.929282869,61.72549725,50.60529709,12.45176792,77.73733139,0.133536818,0.009551098,0.238800267,0.459594025,70.34944861
,,,,,,,,,,,,,
Experiment 41,,,,,,,,,,,,,
Path 1,0.789025875,1.019269036,72.62587547,88.70410919,2.895789674,2.109083775,47.56702418,,,,,,
Path 2,0.779025875,1.129269406,0.909269036,41.24653339,87.09943295,56.57744408,5.232042566,1.819505095,2.965159377,38.57830026,,,
Path 3,0.829025875,0.889269406,0.979269406,1.179269406,95.51167488,26.62622929,77.14748383,25.30038357,0.545767905,0.067391932,0.404624277,0.048365254,72.1781833
,,,,,,,,,,,,,
Experiment 42,,,,,,,,,,,,,
Path 1,0.589016393,1.139015889,118.336916,89.7513628,1.718869366,1.846094054,40.77176031,,,,,,
Path 2,0.519016393,1.049261917,1.069262295,44.95668411,5.664110184,101.5557051,0.686695279,6.280610775,1.116917717,26.49609426,,,
Path 3,0.829016393,0.899262295,0.889262295,0.879262295,36.22364998,23.19300175,102.5015116,5.713105202,5.073325406,1.033402923,1.160215167,0.128054637,48.03779582
,,,,,,,,,,,,,
Experiment 43,,,,,,,,,,,,,
Path 1,0.729252336,0.869251948,62.19184399,101.7736197,5.584241729,4.202957261,28.5058698,,,,,,
Path 2,0.859252336,0.999252724,0.859004149,65.28031826,43.59972477,55.87160587,0.134022592,0.076687117,0.201458173,77.06330105,,,
Path 3,0.649003115,1.029252724,1.159252336,1.029002597,14.89925385,77.4525404,8.477091789,29.34348583,5.577970547,2.489050315,0.876424189,0.475243148,42.97999034
,,,,,,,,,,,,,
Experiment 44,,,,,,,,,,,,,
Path 1,0.989253886,1.089005697,36.4369154,158.4262848,9.298562863,0.094438615,40.05339912,,,,,,
Path 2,0.669005181,0.929253886,0.979253886,102.6935577,111.8488312,63.60816956,0.590813798,5.35851227,1.640838651,45.24227196,,,
Path 3,0.929253886,1.059254272,1.119005697,0.999253886,79.61034775,74.94950294,49.52466488,65.39392471,1.972046716,0.1171875,0.332420806,0.107906612,61.98694901
,,,,,,,,,,,,,
Experiment 45,,,,,,,,,,,,,
Path 1,0.579005181,0.929253886,5.157232285,153.2992125,1.327095665,2.738268021,36.21610068,,,,,,
Path 2,0.989253886,1.059253499,1.019253499,81.95030689,45.45080662,30.89261055,0.951746455,0.16335159,0.144369586,73.59090151,,,
Path 3,0.959253886,0.849253886,1.009005181,0.809005181,79.32257652,58.21824074,14.45567608,42.79208183,1.484247822,1.069206843,0.176852034,0.816929134,57.7686869
,,,,,,,,,,,,,
Experiment 46,,,,,,,,,,,,,
Path 1,0.869254272,1.049254272,40.17603397,188.1449223,1.474530831,1.098153547,63.33414148,,,,,,
Path 2,0.909254272,0.989254272,1.039253886,72.1590519,3.863692284,116.2519455,1.812804122,5.043241667,0.266066312,49.09771722,,,
Path 3,0.759005697,1.089502848,0.809005697,0.989005697,69.96929646,69.73290443,11.27314568,39.73221779,3.688485428,0.24804048,0.308334991,0.069839369,49.52294034
,,,,,,,,,,,,,
Experiment 47,,,,,,,,,,,,,
Path 1,0.89925117,0.829251559,38.9033556,48.49767685,1.63840184,0.759789597,67.12743892,,,,,,
Path 2,0.86925117,1.029002079,1.169002079,5.672574043,21.30877972,27.99034119,0,0,0,84.3119408,,,
Path 3,0.87925117,1.04925117,1.17900156,1.189251559,20.03824711,58.33530426,47.6924181,73.14217091,9.045130641,0.62676277,0.231262483,0.031608893,46.46511656
,,,,,,,,,,,,,
Experiment 48,,,,,,,,,,,,,
Path 1,0.748995816,1.17899529,120.7020283,12.17138767,0.447108067,7.40563784,34.31708818,,,,,,
Path 2,0.848995816,0.839246862,0.939246862,100.5711555,80.77692986,60.87875366,4.481900019,3.208341688,1.729852911,40.56019955,,,
Path 3,0.599246862,0.908995816,1.179246862,0.999246862,96.46058083,102.3919582,92.56124496,34.27684307,0.009541985,0.009542895,0.038175224,0.276876074,50.03776486
,,,,,,,,,,,,,
Experiment 49,,,,,,,,,,,,,
Path 1,0.689251559,1.099251559,122.5688457,6.331801414,0.019040366,5.675109503,44.01704969,,,,,,
Path 2,0.749002079,0.829002079,0.849251559,42.50240326,91.95017815,22.99106121,0.323347599,0.486594791,0.325982742,68.59796187,,,
Path 3,0.789251559,1.109002079,0.979002079,0.829251559,84.83612537,62.7014637,92.51499176,96.85051441,6.233320625,1.473876804,0.257918085,0.68266446,52.18113028
,,,,,,,,,,,,,
Experiment 50,,,,,,,,,,,,,
Path 1,0.599068413,0.88930131,205.1849365,95.43013573,2.89149728,6.702044025,29.42398173,,,,,,
Path 2,0.809068413,0.909068413,0.96930131,115.2198315,116.5189743,105.170846,5.552896123,0.030410542,0.030419793,49.59354099,,,
Path 3,0.72930131,1.189068413,1.069068413,0.939301649,100.3900766,18.97335052,76.27725601,47.99437523,0.36321927,0.901765157,0.667957406,0.048728194,62.98113835
,,,,,,,,,,,,,
Experiment 51,,,,,,,,,,,,,
Path 1,0.539257732,1.169256966,64.70417976,118.119359,6.557215887,3.261441347,23.39807733,,,,,,
Path 2,0.639010309,1.089256966,0.919256582,58.15207958,75.91307163,135.160923,0.741797432,0.354508,2.759615385,49.67514725,,,
Path 3,0.799010309,1.179010309,0.829256966,0.949257349,76.40874386,37.82141209,74.10085201,35.21120548,4.456480426,2.963699652,0.327969663,0.092544987,45.61165537
,,,,,,,,,,,,,
Experiment 52,,,,,,,,,,,,,
Path 1,0.929248826,0.909248434,128.3179522,65.40727615,0.343445907,8.94122152,32.48793188,,,,,,
Path 2,0.619248826,0.888997912,1.098997912,7.90989399,129.1503906,2.192854881,2.513619421,2.754901961,0.907349531,42.65096682,,,
Path 3,0.718998435,1.168998435,1.038997912,1.119248434,91.17877483,75.83081722,43.62916946,45.13812065,4.300562601,0.059784775,0.00997009,0,48.51350338
,,,,,,,,,,,,,
Experiment 53,,,,,,,,,,,,,
Path 1,0.639511699,1.159267548,32.04524517,169.367075,5.519078885,5.680330345,23.07588403,,,,,,
Path 2,0.889267921,0.849267176,0.889267176,29.4713974,87.02945709,32.66656399,0.105232947,0.737406627,1.418234443,64.03196622,,,
Path 3,0.499267548,0.919267921,1.009023398,0.929023398,76.07376575,84.17272568,62.05463409,34.99746323,3.224272399,0.117936118,0.019679229,0.039366204,37.1388527
,,,,,,,,,,,,,
Experiment 54,,,,,,,,,,,,,
Path 1,0.619256582,0.989008776,29.64735031,53.78854275,0.410932722,0.172728145,73.81488168,,,,,,
Path 2,0.639008776,0.929008776,1.029008776,53.97808552,55.2829504,89.73968029,0.694444444,0.546029313,0.288961664,64.20599795,,,
Path 3,0.909008776,1.019256198,1.169256198,0.859256582,87.78214455,90.98422527,25.7601738,41.93532467,4.846279092,0.342224459,0,0.424199576,48.44355577
,,,,,,,,,,,,,
Experiment 55,,,,,,,,,,,,,
Path 1,0.529248042,0.859248042,13.91744614,49.6212244,4.799594115,1.929226178,24.93055065,,,,,,
Path 2,0.758997389,1.148996865,0.899247649,77.75962353,42.99759865,4.252791405,0.238868718,0.105353893,0.153403643,77.34661804,,,
Path 3,0.988997389,0.829248434,0.948996865,1.049248042,68.47310066,87.59903908,32.89461136,100.4226208,1.388489898,0.087395611,1.282923511,0.699025303,56.75872864
,,,,,,,,,,,,,
Experiment 56,,,,,,,,,,,,,
Path 1,0.749002597,0.859251948,133.4388256,120.267272,5.669710807,1.573215006,36.24012841,,,,,,
Path 2,0.899002597,0.949002597,0.949251559,118.1540489,114.6496534,101.0138988,3.708987161,0.138271605,0.583522896,52.32000486,,,
Path 3,0.829002597,1.139251948,1.109251948,0.859501299,86.31432056,96.1509943,46.80776596,36.65661812,0.766063392,2.875615169,0.566318927,2.408073541,37.75830156
,,,,,,,,,,,,,
Experiment 57,,,,,,,,,,,,,
Path 1,0.679,1.179249609,65.17601013,41.88871384,1.789964772,2.937469704,50.79077219,,,,,,
Path 2,0.64925,0.799208333,0.92925,53.28273773,8.271098137,133.0358982,0.830866202,0.63559322,5.059119984,48.53288645,,,
Path 3,0.63925,0.808999479,0.938999479,0.888999479,90.90340137,85.05678177,75.64330101,101.837039,0.294760863,0,0.01907305,0,73.77950037
,,,,,,,,,,,,,
Experiment 58,,,,,,,,,,,,,
Path 1,0.869014374,1.15926078,34.30867195,190.8720732,0.478697942,0.096200096,79.75624011,,,,,,
Path 2,0.629014374,1.099014879,1.189014374,61.74778938,65.89949131,113.7138605,1.122099658,0.519330641,0.05800464,61.4214175,,,
Path 3,0.66926078,0.96926078,1.03926116,1.10926078,83.95159245,9.732484818,63.31300735,85.09385586,3.812428517,1.020610384,0.280308339,0.210822207,47.62535026
,,,,,,,,,,,,,
Experiment 59,,,,,,,,,,,,,
Path 1,0.6595,0.989249609,115.5284643,45.27771473,1.457837065,0,68.16454403,,,,,,
Path 2,0.559,1.189249218,0.958999479,84.42687988,117.1261072,95.7839489,0.684020521,0.315668644,0.825256693,40.79233858,,,
Path 3,0.55925,0.928999479,1.099249218,1.028998957,30.13348579,12.36724854,55.66132069,67.14701653,2.394981943,1.275559883,0.138080679,0.049382716,35.16187105
,,,,,,,,,,,,,
Experiment 60,,,,,,,,,,,,,
Path 1,0.639019408,0.809264556,32.94360638,198.2197762,1.53100038,6.112988894,34.26352722,,,,,,
Path 2,0.889019408,1.109264556,0.929264556,106.9380045,76.36487484,86.17568016,0.408512255,5.465992559,1.079717457,50.71562861,,,
Path 3,0.659019408,1.169019408,0.989264556,0.919264556,4.234433174,102.1790504,12.66908646,18.81229877,1.24833238,0.646530927,0.019425019,0.019428793,63.08639173
,,,,,,,,,,,,,
Experiment 61,,,,,,,,,,,,,
Path 1,0.759555967,0.829111933,172.7433205,169.3189144,3.793235238,2.174992551,41.03853085,,,,,,
Path 2,0.75933395,1.13933395,0.959112344,83.73427391,125.7055998,87.70263195,2.933307854,1.319027463,1.436408978,47.66212,,,
Path 3,0.519111933,1.00933395,1.159555967,0.839333642,117.5376177,90.55161476,33.51306915,77.33666897,1.17321633,3.522825982,0.610244098,0.754906895,27.32919014
,,,,,,,,,,,,,
Experiment 62,,,,,,,,,,,,,
Path 1,0.959251948,0.889251948,113.5369539,115.5996323,1.473439318,9.563164109,30.88772659,,,,,,
Path 2,0.639251948,0.829251559,1.069002079,58.16864967,66.70069695,12.80105114,3.320647003,2.519437063,3.533568905,37.47382043,,,
Path 3,0.679002597,0.849002597,1.069251948,0.839251948,59.67521667,87.15653419,29.14655209,65.13786316,0.247454078,2.022707757,0.038952186,0.136385777,51.11384864
,,,,,,,,,,,,,
Experiment 63,,,,,,,,,,,,,
Path 1,0.84926418,0.969018405,55.77588081,111.2071276,1.639344262,6.920077973,32.46796699,,,,,,
Path 2,0.809018906,0.949263427,1.149263804,90.08824825,25.66111088,62.01970577,3.38219795,0.297500992,0.646508852,55.27699043,,,
Path 3,0.95926418,0.94926418,1.049017903,0.979018405,0,24.01638031,69.84746456,73.29583168,3.634287889,1.145226577,0.199740338,0.270189132,52.46303043
,,,,,,,,,,,,,
Experiment 64,,,,,,,,,,,,,
Path 1,0.839018405,0.969264556,92.54288673,179.2765856,1.244972228,2.841349884,54.91440463,,,,,,
Path 2,0.889754601,0.86926418,0.889264556,75.22201538,133.9457035,132.4980259,6.041168023,0.040758101,0.122324159,48.89492202,,,
Path 3,0.949018405,0.99926418,0.94926418,1.089019408,94.09403801,70.561409,1.671791077,98.56271744,2.149514932,2.459175739,0.039860488,0.677898515,49.42055307
,,,,,,,,,,,,,
Experiment 65,,,,,,,,,,,,,
Path 1,0.799504388,0.909256966,68.72630119,57.85012245,9.580533496,0.731899561,34.8726967,,,,,,
Path 2,0.639256582,1.139256966,1.099256582,114.6886349,2.871394157,55.18496037,6.516982209,1.923468349,0.35280689,47.25008523,,,
Path 3,0.809009288,0.869256582,0.819256582,1.149256966,1.406908035,67.24762917,38.31291199,66.5512085,1.237432328,2.036021926,0.959232614,0.726392252,47.52673219
,,,,,,,,,,,,,
Experiment 66,,,,,,,,,,,,,
Path 1,0.629257349,1.119256966,60.22536755,0,0.02853067,0.047564688,80.26759452,,,,,,
Path 2,0.869009799,0.949009288,0.979009288,41.51296616,103.9195061,27.69553661,0.727760222,5.749011286,3.203356872,43.51309608,,,
Path 3,0.619257349,1.119257349,1.109009288,0.799256966,28.75304222,84.32543278,55.38237095,34.92438793,0.420449116,1.122732943,0.126164596,0.048586143,48.26353582
,,,,,,,,,,,,,
Experiment 67,,,,,,,,,,,,,
Path 1,0.868996865,1.198997389,49.02505875,181.9839478,1.120260437,6.42006391,36.96182077,,,,,,
Path 2,0.538996865,1.018997912,0.968998435,49.95620251,66.52545929,70.79017162,6.348894349,0.996956659,0.519397922,39.72729111,,,
Path 3,0.539247649,1.039498433,0.899248434,1.078997389,9.858012199,75.15645027,72.7711916,69.28682327,6.910026687,0.348110986,0.842494606,0.18650917,33.9120502
,,,,,,,,,,,,,
Experiment 68,,,,,,,,,,,,,
Path 1,0.609015889,1.039016393,64.43822384,160.2040529,7.196788684,1.328527291,33.44230707,,,,,,
Path 2,0.929507945,0.819262295,0.819262295,4.6210289,29.08158302,132.7065229,0.191497511,0.172678434,0.076878724,75.9009006,,,
Path 3,0.759016393,1.139262295,0.999015889,1.009015889,83.36091042,31.69345856,47.54459858,71.85912132,2.675840979,1.001571092,2.886332077,0.061280768,44.10001344
,,,,,,,,,,,,,
Experiment 69,,,,,,,,,,,,,
Path 1,0.769004666,0.859253499,72.51262665,79.45108414,0.05733945,1.682922165,69.27614222,,,,,,
Path 2,0.819004666,0.849005181,1.109253886,11.90638542,100.0665426,9.04071331,4.138891653,1.650233524,1.097509498,47.73414668,,,
Path 3,0.719004666,1.029005181,1.099253886,0.919004666,61.73110008,102.0950079,92.8145647,66.09523296,6.102793935,0.11170915,0.111834079,0.010178117,47.92025844
,,,,,,,,,,,,,
Experiment 70,,,,,,,,,,,,,
Path 1,0.968998957,0.968998957,48.89953136,190.1665926,0.556248202,5.690037612,40.15018054,,,,,,
Path 2,0.519249218,1.048998957,1.128998957,133.0265999,64.42034245,18.14472675,0.543633763,0.815113157,8.024751039,29.82731938,,,
Path 3,0.598999479,0.928999479,1.189249218,0.968999479,12.49825954,25.37286282,14.02664185,88.41335773,0.715785455,0.374891858,0.337707449,0.125859231,48.06421264
,,,,,,,,,,,,,
Experiment 71,,,,,,,,,,,,,
Path 1,0.938995816,1.119247256,84.35344696,44.98326778,0.842669731,4.384355384,47.31582088,,,,,,
Path 2,0.548995816,1.128996341,1.098995816,64.82160091,116.4472103,113.8666868,8.356386531,0.291454148,0.052197515,41.04970835,,,
Path 3,0.619246862,1.108996341,0.969247256,0.838996341,100.9825468,81.97033405,3.52036953,80.23631573,1.786738009,3.512014787,2.127445049,1.318636036,31.15528659
,,,,,,,,,,,,,
Experiment 72,,,,,,,,,,,,,
Path 1,0.919267921,0.909755849,103.9230824,189.5207167,6.400839454,2.761924174,32.4710708,,,,,,
Path 2,0.789023894,0.829023398,1.149267921,94.5469141,21.3766098,53.24208736,0.762049914,0.134382799,0.403690888,69.0842552,,,
Path 3,0.729023894,1.119023398,0.889267548,0.799023398,54.64565754,89.04206753,64.64385986,98.20914268,3.431466259,0.00989805,0.118788359,0.416253717,50.68425099
,,,,,,,,,,,,,
Experiment 73,,,,,,,,,,,,,
Path 1,0.889277108,0.939276745,72.27253914,80.27660847,2.604067668,3.717798595,43.08514946,,,,,,
Path 2,0.609518072,0.929517588,0.859277108,88.12463284,41.40329361,35.81917286,1.309000573,3.107754865,6.12509992,38.42032054,,,
Path 3,0.599518072,1.069758794,1.089277108,0.82951783,54.18086052,62.59310246,38.04159164,82.45956898,1.794406796,4.558266109,2.016293279,0.228642694,31.21107298
,,,,,,,,,,,,,
Experiment 74,,,,,,,,,,,,,
Path 1,0.778998435,0.998998435,80.20889759,37.08100319,0.838175064,5.282873883,45.63063287,,,,,,
Path 2,0.779499218,1.028997912,1.179498956,67.77834892,47.5705862,5.723714828,7.967770815,2.395428016,0.62289772,43.04640233,,,
Path 3,0.558998435,1.028998435,0.899248826,1.179499218,23.49293232,67.917943,67.10040569,18.68581772,5.636882129,0.141029515,1.472813477,1.986280332,27.65965116
,,,,,,,,,,,,,
Experiment 75,,,,,,,,,,,,,
Path 1,0.588997912,0.908997389,57.0063591,123.7132549,0.83078686,1.925854598,43.3036144,,,,,,
Path 2,0.579248434,1.019248434,0.998997389,38.09118271,104.675889,72.66759872,0.286368843,0.086157381,0.086231676,48.63546835,,,
Path 3,0.508997912,0.949248434,1.139248434,1.138997912,73.48453999,35.60817242,28.08487415,69.92161274,0.39107211,0.20109164,0.009595087,0.163132137,39.42136173
,,,,,,,,,,,,,
Experiment 76,,,,,,,,,,,,,
Path 1,0.569503619,1.099255814,105.0931215,129.7715902,0.503754396,2.951853267,36.14402082,,,,,,
Path 2,0.549255429,0.949255814,0.949007239,25.4881382,99.26378727,93.38128567,0.133511348,0.792589763,0.85667533,41.98960037,,,
Path 3,0.589255429,1.189503619,0.859255429,0.969007239,6.573438644,80.19721508,9.632587433,79.39529419,0.257830405,3.93489708,0.099661152,0.309257781,36.22323651
,,,,,,,,,,,,,
Experiment 77,,,,,,,,,,,,,
Path 1,0.719248434,1.049248042,68.99690628,77.56531239,2.460423422,1.134141572,55.092706,,,,,,
Path 2,0.648997389,0.889248042,0.928997389,101.6505957,34.9676609,117.8808212,4.679591252,0.150285543,0.782661048,49.27379398,,,
Path 3,0.858997912,1.129248042,1.089247649,1.059247649,82.41820335,4.013776779,67.37065315,76.93624496,0.73719483,0.347222222,0.048393341,0.213033795,67.08597616
,,,,,,,,,,,,,
Experiment 78,,,,,,,,,,,,,
Path 1,0.708995816,1.03899529,173.9494801,20.22731304,2.069425901,4.693738436,38.30965733,,,,,,
Path 2,0.939246862,1.099246862,0.829246862,31.0819149,46.7389822,82.88896084,6.737880033,0.572687225,0.996898538,48.77952043,,,
Path 3,0.608995816,0.988995816,1.159246862,1.158995816,19.09077168,30.75993061,62.17122078,24.61647987,0.401299446,0.182271681,0.221047573,0.086688499,61.06657219
,,,,,,,,,,,,,
Experiment 79,,,,,,,,,,,,,
Path 1,0.889256582,1.169008264,15.7160759,18.18501949,3.824194765,0.85125448,49.89558148,,,,,,
Path 2,0.809008776,0.829256582,1.039256198,15.08867741,47.14846611,128.5564899,0.181992337,2.312637943,2.337917485,49.73279509,,,
Path 3,0.759504388,0.939256198,1.059008776,0.889256198,105.6511402,75.12331009,93.4214592,60.05334854,6.451304597,1.05230895,1.404233351,0.020944602,47.00414045
,,,,,,,,,,,,,
Experiment 80,,,,,,,,,,,,,
Path 1,0.529497908,0.949497908,32.98056126,169.3428755,0.428775607,6.200956938,28.0420567,,,,,,
Path 2,0.829497908,0.828996341,0.898996341,0,52.21664906,100.9184122,1.082230167,1.83647553,2.199223803,50.6957144,,,
Path 3,0.989247256,0.888996341,1.159247256,0.998995816,78.94396782,46.33522034,2.883791924,8.758187294,6.09976247,1.082667206,0.081833061,0.583538084,49.85005091
,,,,,,,,,,,,,
Experiment 81,,,,,,,,,,,,,
Path 1,0.969000521,0.97925039,121.9152212,134.4581842,1.433897333,6.594898652,36.43290006,,,,,,
Path 2,0.59925,1.15925039,0.859000521,22.50599861,84.7748518,99.69043732,5.137019001,1.107196779,0.081424936,43.47041906,,,
Path 3,0.709000521,0.849000521,0.93925039,0.989000521,62.14404106,3.615617752,78.55176926,1.362085342,0.143047873,2.817304937,6.544811321,0.925341746,45.69129108
,,,,,,,,,,,,,
Experiment 82,,,,,,,,,,,,,
Path 1,0.989249218,1.078997389,11.73913479,45.92049122,0.456925274,1.396193937,73.2135181,,,,,,
Path 2,0.809249218,1.119248042,0.958997389,83.00864697,62.81614304,10.52808762,3.121708321,2.243748147,1.890798787,46.18907352,,,
Path 3,0.559499479,1.059249218,1.178997389,0.888996865,93.28520298,26.72994137,35.28738022,53.74014378,0.056996295,0.0380192,0.218693544,0.676577092,42.44306639
,,,,,,,,,,,,,
Experiment 83,,,,,,,,,,,,,
Path 1,0.859501816,0.899003115,92.86522865,140.8348083,1.139301101,0.784427658,69.11975338,,,,,,
Path 2,0.559003633,0.989003115,0.829002597,96.80104256,41.40245914,93.61100197,0.864690232,0.277964152,0.096116878,42.1390906,,,
Path 3,0.869003633,0.959003115,0.809003115,1.039252336,60.16492844,20.41101456,101.5053988,63.33744526,2.71926465,1.683070866,0.670737812,0.010078613,51.60738886
,,,,,,,,,,,,,
Experiment 84,,,,,,,,,,,,,
Path 1,0.868997389,1.069498695,168.1678295,65.47546387,1.608579088,4.388867264,43.17138514,,,,,,
Path 2,0.719248042,1.059248042,0.938997389,77.29756832,98.8496542,66.69008732,3.184895585,1.526642372,3.850770154,38.01914048,,,
Path 3,0.509248042,0.968996865,1.149248042,1.068997389,94.33329105,2.909898758,21.51501179,26.31187439,1.650133537,0.843759092,2.660406886,0.472266881,28.58056557
,,,,,,,,,,,,,
Experiment 85,,,,,,,,,,,,,
Path 1,0.509264931,0.879509954,171.8322039,53.36761475,0.657894737,1.516460313,37.31068165,,,,,,
Path 2,0.789264931,0.899019908,0.999264931,92.61453152,4.151344299,102.4596691,4.572299486,1.247754043,1.283735975,44.81264381,,,
Path 3,0.539509954,0.879509954,1.089019908,1.179264931,72.20983505,94.98250484,21.44622803,39.00516033,5.575676706,1.917835874,0.740969435,0.031104199,29.86725034
,,,,,,,,,,,,,
Experiment 86,,,,,,,,,,,,,
Path 1,0.529229225,0.939229225,63.65346909,139.2472982,1.105288232,8.931496291,25.13727244,,,,,,
Path 2,0.989421919,0.849614767,0.879229535,70.44506073,16.58272743,59.17620659,3.282610776,4.304373639,1.426946541,41.64206199,,,
Path 3,0.959421919,0.829422151,0.989421919,1.049421919,28.91290188,48.08664322,4.978179932,9.537100792,0.750449213,5.037273695,2.130761467,0.309384668,47.42120304
,,,,,,,,,,,,,
Experiment 87,,,,,,,,,,,,,
Path 1,0.988996865,1.068996865,124.4977713,202.1107674,0.675418569,0.067043387,78.27032903,,,,,,
Path 2,0.758996865,0.968997389,1.158997389,60.42993069,124.9155998,108.8203192,2.809633028,2.772861357,0.313511327,45.40906935,,,
Path 3,0.919247649,0.849247649,0.929247649,1.168996865,26.07452869,96.31729126,86.31277084,17.22657681,0.315698842,0.163147793,0.134576564,0.211762441,68.80060278
,,,,,,,,,,,,,
Experiment 88,,,,,,,,,,,,,
Path 1,0.538998957,1.108998957,47.20890522,106.061697,2.469018112,1.407487049,32.64885375,,,,,,
Path 2,0.779249218,1.149249218,1.058998957,101.5093327,40.73941708,58.34877491,0.285768718,2.799006496,3.027027027,47.43417071,,,
Path 3,0.969249218,1.109249218,0.979248826,1.098998957,29.29735184,25.16174316,33.95140171,75.88434219,0.143417153,0.181922635,0.872901679,1.364428101,62.03451358
,,,,,,,,,,,,,
Experiment 89,,,,,,,,,,,,,
Path 1,0.949001041,1.03925078,150.3635645,91.25602245,6.354642314,0.700934579,38.38711921,,,,,,
Path 2,0.979001041,1.17925078,0.839001041,72.90971279,100.8565426,22.48442173,0.5075656,0.606410627,0.184001549,69.81313972,,,
Path 3,0.85925078,1.129001041,0.96925078,1.05900156,73.28867912,28.71441841,101.4206409,30.17914295,9.505259057,0.312096427,0.993198748,0.41434958,46.90917634
,,,,,,,,,,,,,
Experiment 90,,,,,,,,,,,,,
Path 1,0.549246073,1.188994764,41.48185253,137.3747587,2.997041138,1.426744072,34.57605858,,,,,,
Path 2,0.919246073,1.108994764,0.979246073,121.0973263,63.84110451,35.00449657,4.026333365,2.356099016,0.712685807,44.22682014,,,
Path 3,0.978994764,1.179246468,0.899246073,1.039246073,0,37.73629665,46.89562321,51.10621452,0.779986683,0.115041703,0.0191957,0.364788327,73.6245623
,,,,,,,,,,,,,
Experiment 91,,,,,,,,,,,,,
Path 1,0.869,0.809001041,100.2979279,121.2273836,5.294906166,4.549590537,30.46193545,,,,,,
Path 2,0.85925,0.919001041,0.969001041,77.698946,102.822423,108.0869436,5.926280517,0.193364543,1.498929336,46.7582508,,,
Path 3,0.96925039,1.03925039,0.95925078,0.80925078,91.62187576,102.7131081,52.94549465,28.50031853,3.351206434,0.960966911,0.860258077,0.38341237,48.28293543
,,,,,,,,,,,,,
Experiment 92,,,,,,,,,,,,,
Path 1,0.529002597,1.109003115,123.6282587,113.0479574,1.753549986,7.643806383,21.78253568,,,,,,
Path 2,0.929252336,1.139003115,1.039003115,66.37096405,18.31769943,7.666945457,0.028727377,0.143678161,0.086330935,81.68643844,,,
Path 3,0.629251948,1.069251948,0.919251948,1.079252336,85.60526371,94.3659544,54.80897427,73.09424877,2.320494532,0.116833804,0,0,56.77533565
,,,,,,,,,,,,,
Experiment 93,,,,,,,,,,,,,
Path 1,0.749254658,1.039006211,147.8302479,34.82794762,1.50304414,2.617345953,54.17730682,,,,,,
Path 2,0.789006211,0.989006211,1.039255044,24.92105961,28.28598022,44.72661018,6.332569058,0.57116214,0.726846424,49.94764699,,,
Path 3,0.789254658,1.049254658,1.019006211,1.079254658,54.50546741,83.82952213,25.96378326,83.94551277,8.058677843,0.424782429,0.520237228,0.449743751,46.99797886
,,,,,,,,,,,,,
Experiment 94,,,,,,,,,,,,,
Path 1,0.809026863,0.829270517,171.386838,79.60116863,0.392457165,1.950797617,62.65437628,,,,,,
Path 2,0.829270147,0.909270517,1.149270517,33.73515606,113.1645441,6.063818932,1.254669093,6.29485936,0.051754477,51.79391097,,,
Path 3,0.669026863,1.089270147,1.169270517,0.999270517,0,0,59.64767933,31.26382828,2.888189877,0.255202199,1.348159811,2.064837905,41.85114915
,,,,,,,,,,,,,
Experiment 95,,,,,,,,,,,,,
Path 1,0.619092199,1.009319149,193.9790249,57.33263493,0.49689441,6.328627677,37.56991656,,,,,,
Path 2,0.559092199,1.169319471,0.959092199,28.03504467,12.02964783,102.2197008,1.216383161,3.03992304,1.597380693,32.63326094,,,
Path 3,0.699092199,1.169319149,1.019319471,0.909092628,32.23645687,52.21676826,9.322404861,81.08067513,4.476024749,0.799514219,0.601917976,0.790310993,46.89177156
,,,,,,,,,,,,,
Experiment 96,,,,,,,,,,,,,
Path 1,0.919021407,0.899020908,167.6535606,10.4714632,0.989251403,0.24017677,76.81301918,,,,,,
Path 2,0.679021407,0.999510454,0.889020408,0,91.17949009,127.4186373,0.648847569,2.729310849,1.944082573,47.43682508,,,
Path 3,0.669266055,1.169510454,0.919265681,0.899265681,59.49175358,95.96085548,99.92420673,71.4430809,2.258433391,4.026518475,0.050792361,0.274418132,44.22057483
,,,,,,,,,,,,,
Experiment 97,,,,,,,,,,,,,
Path 1,0.638998435,0.919248042,67.91257858,77.37278938,0.095120327,0,79.4375496,,,,,,
Path 2,0.909499218,0.999247649,1.049247649,36.47041321,42.60671139,127.1216869,9.273924244,0.283941529,0.326935246,49.63295611,,,
Path 3,0.888997912,0.949248434,1.069498433,1.039248042,90.7523632,29.72126007,10.52284241,13.58115673,1.358798936,0.472016183,3.358497871,0.63094642,51.89068202
,,,,,,,,,,,,,
Experiment 98,,,,,,,,,,,,,
Path 1,0.959003633,1.099252724,14.64557648,3.26526165,4.084170253,4.088552054,36.22240048,,,,,,
Path 2,0.679252724,0.939252724,1.109003633,128.949523,60.68491936,81.51304722,2.637090632,0.097780385,0.35235392,55.77527091,,,
Path 3,0.989252724,0.969003115,0.929003633,0.929004149,7.020115852,72.83163071,85.71147919,81.95996284,6.071152359,2.521613833,1.10864745,1.003630152,42.95117969
,,,,,,,,,,,,,
Experiment 99,,,,,,,,,,,,,
Path 1,0.839002597,1.169501299,68.28212738,109.7859144,6.989659134,0.277949351,40.53644068,,,,,,
Path 2,0.919251948,1.019003115,1.029003115,40.03798962,74.18811321,86.29274368,0.190748689,0.99378882,0.395714699,69.13137401,,,
Path 3,0.749002079,1.05900156,1.129251559,1.059251948,76.85446739,35.98117828,47.42097855,8.847951889,0.009510223,0.161689176,0,0.038106126,71.53260321
,,,,,,,,,,,,,
Experiment 100,,,,,,,,,,,,,
Path 1,0.809096471,1.059096045,200.3118992,196.4230537,0.660476692,0.019271536,72.5018604,,,,,,
Path 2,0.659322353,1.139322034,0.949321715,121.1248636,140.8797503,124.9946356,0.952562393,4.395075976,0.502967508,49.16534639,,,
Path 3,0.799322672,1.089322672,0.799096045,0.909322034,91.95053577,46.54872417,29.52933311,41.79739952,1.045130641,0.912145943,0.794573643,1.054893534,53.06485625
,,,,,,,,,,,,,
Experiment 101,,,,,,,,,,,,,
Path 1,0.949247256,1.088995816,48.92158508,74.74303246,0.399543379,0.038204394,84.56983341,,,,,,
Path 2,0.818996341,0.928995816,1.009246862,63.57622147,34.31200981,83.23192596,3.150134048,0.266930302,1.229183188,50.2515419,,,
Path 3,0.739247256,1.189247256,0.968995816,1.158995816,61.87045574,49.69131947,13.92793655,12.56668568,0.143403442,0.095739588,0,0.105414471,73.90348861
,,,,,,,,,,,,,
Experiment 102,,,,,,,,,,,,,
Path 1,0.779045251,0.869284294,92.43488312,117.5160408,0.876190476,3.045734051,52.28349716,,,,,,
Path 2,0.859283938,1.039284294,0.929522863,122.094512,118.8329458,57.62863159,0.009573042,0.335088559,0.413064361,72.0149456,,,
Path 3,0.859283938,1.199284294,1.149045726,0.919045726,49.3786335,7.483243942,42.42968559,47.79005051,1.464955956,1.515887669,3.206709423,1.804281346,40.11093389
,,,,,,,,,,,,,
Experiment 103,,,,,,,,,,,,,
Path 1,0.509010309,0.909257349,58.84075165,23.62167835,1.0587562,1.985924998,31.10594628,,,,,,
Path 2,0.529505155,1.119257349,1.029009799,4.49025631,117.197156,57.70492554,3.069297493,1.08171895,1.03389999,29.95715213,,,
Path 3,0.819257732,1.169010309,1.159257349,0.849009799,17.3573494,79.02491093,18.72158051,42.58131981,5.085232714,1.684996469,0.112889984,0.041097298,51.87896304
,,,,,,,,,,,,,
Experiment 104,,,,,,,,,,,,,
Path 1,0.739253886,1.079004666,135.7016563,170.5768108,0.497036895,2.017291066,60.78104006,,,,,,
Path 2,0.969253886,0.859004149,0.879004149,100.7055044,116.8239117,117.8270578,2.498803255,5.282796544,0.69458843,46.86523401,,,
Path 3,0.719253499,0.959004666,0.889004149,1.039253499,79.3286562,8.849978447,59.5511198,86.71569824,0.038138825,0.314765357,0.239211559,0.508344523,61.40056384
,,,,,,,,,,,,,
Experiment 105,,,,,,,,,,,,,
Path 1,0.549007239,0.939008264,190.9453869,132.7805519,0.648669274,1.469035046,44.89089128,,,,,,
Path 2,0.509255429,1.069255429,0.919007239,21.76380157,96.31192684,117.3593998,1.182529086,1.032619185,0.526572404,36.15533761,,,
Path 3,0.879007239,1.049007239,0.879503619,0.909503363,17.57061481,5.71167469,80.93953133,53.39837074,1.577347016,0.936474223,3.362245395,1.452198467,43.88361986
,,,,,,,,,,,,,
Experiment 106,,,,,,,,,,,,,
Path 1,0.568997912,0.808998435,144.4649696,103.7875414,3.763543053,2.123247087,29.0634094,,,,,,
Path 2,0.648997912,0.949248042,0.999248434,120.3022003,121.4177608,70.21379471,3.036379261,0.216642048,1.559261818,48.54073091,,,
Path 3,0.579499218,1.028998435,1.009248434,0.948997389,33.02288055,10.09905338,45.70960999,87.28826046,3.084415584,4.167898315,0.380423607,0.794715657,32.9639921
,,,,,,,,,,,,,
Experiment 107,,,,,,,,,,,,,
Path 1,0.619248042,1.059248042,154.2505026,197.7043152,1.012706602,0.511533636,61.65036775,,,,,,
Path 2,0.769248042,1.098996865,0.918997389,111.3022566,26.65936947,80.12366295,8.412197687,0.031311972,1.3468365,48.32112099,,,
Path 3,0.818997389,0.858997389,0.949247649,1.099248042,32.63783455,97.41413593,75.58095455,96.92323208,2.920057444,0.019723866,0,0.009863878,56.30963784
,,,,,,,,,,,,,
Experiment 108,,,,,,,,,,,,,
Path 1,0.949247256,1.138995816,50.88198185,31.51631355,0.722914487,1.945003353,66.56708418,,,,,,
Path 2,0.588996341,0.848995816,0.808995816,41.22209549,18.17166805,38.51938248,0.038197097,0.038211693,2.083333333,45.4716146,,,
Path 3,0.608996865,0.968996341,0.839246862,0.869247256,22.55630493,75.97017288,83.94825459,39.38102722,0.926987768,2.710523777,3.608962919,1.162312281,31.41918753
,,,,,,,,,,,,,
Experiment 109,,,,,,,,,,,,,
Path 1,0.908996341,0.848996341,120.9704876,121.39678,0.028697149,0.239211559,79.22689543,,,,,,
Path 2,0.939247256,0.839246862,1.009246862,23.92828465,19.41800117,110.9366417,0.153242027,0.230215827,0.01922892,77.20310878,,,
Path 3,0.919247256,0.819247256,1.178995816,0.839247256,9.494185448,13.78262043,93.26887131,75.05011559,4.567215626,2.297582021,0.184842884,0.308641975,47.94223741
,,,,,,,,,,,,,
Experiment 110,,,,,,,,,,,,,
Path 1,0.569,1.178999479,118.3861494,66.87152386,1.996007984,0.029095141,42.75390395,,,,,,
Path 2,0.879,0.809,0.989249609,107.1602106,14.71483707,36.87047958,0.181905218,0.383656244,0.125168496,74.50544486,,,
Path 3,0.98925,1.149249609,1.11925,1.179249609,96.5770483,59.72504616,42.55175591,53.96139622,5.063773082,0.320834169,0.110641722,0.201389588,47.25523543
,,,,,,,,,,,,,
Experiment 111,,,,,,,,,,,,,
Path 1,0.879518314,0.899277471,23.74053001,66.1803484,1.320916089,8.513097072,32.07056611,,,,,,
Path 2,0.639036628,1.129277471,1.069277471,80.56175709,62.53635883,29.02758121,1.350708646,1.398129399,0.312927831,58.16608813,,,
Path 3,0.939036628,0.959277471,0.979277471,1.029036628,68.34328175,25.87473392,25.85434914,20.37465572,8.381226054,0.37637219,0.083954245,0.010503098,47.82253656
,,,,,,,,,,,,,
Experiment 112,,,,,,,,,,,,,
Path 1,0.849749609,0.849248434,193.6073303,120.1686859,8.122070219,0.593502707,38.04240523,,,,,,
Path 2,0.499248434,0.848997389,1.188997389,72.18635082,52.67190933,45.99869251,2.473128508,2.964985858,3.467685194,22.19477872,,,
Path 3,0.639248826,0.848998435,0.818997389,1.168997389,10.65790653,74.60391521,93.39177608,83.85813236,2.321156773,0.243474873,0.048813824,0.312561047,55.64617051
,,,,,,,,,,,,,
Experiment 113,,,,,,,,,,,,,
Path 1,0.50926078,1.139506934,134.567976,191.7846203,2.012206752,2.335766423,27.56928946,,,,,,
Path 2,0.86926078,1.069260021,0.82950668,27.73654461,87.16702461,29.65426445,2.138045494,2.454110136,4.908979341,41.7482604,,,
Path 3,0.719014374,1.109014879,1.099260401,1.129260401,100.987196,82.99195766,68.6160326,59.2058897,0.696033562,0.364858377,0.019273393,0,70.51889068
,,,,,,,,,,,,,
Experiment 114,,,,,,,,,,,,,
Path 1,0.669,0.829000521,142.7402496,94.38252449,0.095292548,0.715375811,72.39374293,,,,,,
Path 2,0.67925,1.159000521,1.02950052,14.66059685,118.6660528,88.13762665,2.322703475,0.467790664,0.479780672,56.27016665,,,
Path 3,0.5595,1.0895,1.02925039,1.13925,12.71152496,84.73002911,72.27158546,6.774425507,5.02803916,4.023218575,0.166840459,0.365573428,33.24989543
,,,,,,,,,,,,,
Experiment 115,,,,,,,,,,,,,
Path 1,0.90925,1.16925039,16.28637314,188.3091927,0.600915681,6.362153344,38.96982156,,,,,,
Path 2,0.73925,1.12925,1.029000521,33.50448608,39.94369507,63.09020519,0.019124116,0.162586075,0.536449852,74.73353111,,,
Path 3,0.979,0.909,0.989,0.85925039,72.04139233,64.06342983,54.11112309,21.71015739,0.114909509,0.393059151,0.712223292,0.823962776,63.78037622
,,,,,,,,,,,,,
Experiment 116,,,,,,,,,,,,,
Path 1,0.5490579,0.8690579,84.1344595,200.7299662,6.92681996,0.625320349,26.01287906,,,,,,
Path 2,0.67952895,1.009293078,1.05952895,4.70662117,91.62700176,42.28293896,5.419839778,1.265293318,3.029019276,39.92391753,,,
Path 3,0.659293078,0.949293425,1.009293078,1.059293078,66.41662121,52.10459232,86.13932133,43.27559471,1.89650243,4.012045852,0.060722599,0.648101266,43.38370437
,,,,,,,,,,,,,
Experiment 117,,,,,,,,,,,,,
Path 1,0.878999479,1.119249218,154.2392969,169.9582338,0,0,79.04697974,,,,,,
Path 2,0.919249609,0.968998957,0.948998957,95.05140781,101.8269062,129.2469501,0.858450973,0.192418703,0.02891845,71.46512997,,,
Path 3,0.688999479,1.108999479,0.909249218,0.939249609,83.8239193,54.78978157,44.23594475,85.80350876,2.199162224,0.895551446,0.147333268,0.088530395,56.17595781
,,,,,,,,,,,,,
Experiment 118,,,,,,,,,,,,,
Path 1,0.699531707,0.949531936,93.01030636,131.7284107,3.066666667,2.151699745,46.58291153,,,,,,
Path 2,0.709531707,0.809297903,0.989297903,55.46045303,64.1541481,131.1644316,3.577561534,0.692589295,0.239115273,52.25619795,,,
Path 3,0.579531707,0.919297903,1.169297561,1.069297903,39.72005844,106.0420275,96.58432007,31.74519539,3.33206034,0.335802469,0.138737489,0.625186067,42.94390426
,,,,,,,,,,,,,
Experiment 119,,,,,,,,,,,,,
Path 1,0.529248826,1.038997912,71.53153419,36.36038303,0.914808462,0.288517023,44.10375741,,,,,,
Path 2,0.648998435,1.018998435,1.149248826,34.44898129,118.904233,89.97821808,0.477509311,1.439401209,1.041768085,57.7671342,,,
Path 3,0.908998435,1.189248826,0.808997912,0.979248434,20.794034,53.71367931,98.75953197,88.74833584,3.820375335,0.05973121,0.169339576,0.169626821,47.88036474
,,,,,,,,,,,,,
Experiment 120,,,,,,,,,,,,,
Path 1,0.629273828,1.01903177,16.28196239,14.9487257,0.380481309,0.066838537,77.96290463,,,,,,
Path 2,0.60903177,1.179273828,1.06903177,112.0018959,63.86065483,36.70608997,0.057317539,0,0.019116804,76.35629224,,,
Path 3,0.939515885,1.179273828,1.06903177,1.039273828,80.25467396,68.23801994,4.838824272,77.43275166,4.098439146,2.845731403,0.606372045,1.613070003,39.0695183
,,,,,,,,,,,,,
Experiment 121,,,,,,,,,,,,,
Path 1,0.52950078,0.96900156,201.4096975,195.0229406,1.790646728,6.129376394,22.57566517,,,,,,
Path 2,0.57900156,1.139001041,1.03925078,104.1954756,23.60725403,60.38403511,1.518044682,0.804653417,4.094996091,33.02503207,,,
Path 3,0.65925117,1.15925078,0.879001041,0.929001041,66.78569317,97.85699844,84.12313461,32.84275532,2.324916627,0.692615355,0.540275049,0.237037037,53.06312281
,,,,,,,,,,,,,
Experiment 122,,,,,,,,,,,,,
Path 1,0.689254272,1.169502591,132.2700977,47.41609097,5.468824825,3.383991895,34.81310804,,,,,,
Path 2,0.599005697,0.849254272,0.839254272,76.81667805,65.10972977,65.84501266,0.477190303,0.795934024,0.299661672,54.57294614,,,
Path 3,0.599254272,0.959253886,0.859005697,1.019005181,94.04087067,89.32542801,55.98175526,61.61546707,6.079984728,0.304878049,0.591233435,0.625512715,41.21449716
,,,,,,,,,,,,,
Experiment 123,,,,,,,,,,,,,
Path 1,0.979528024,1.089055583,113.011837,187.2944832,0.513747503,0.841541551,72.31843847,,,,,,
Path 2,0.809292035,1.169292035,0.939528024,132.5057745,109.1998816,80.7518959,1.378254211,1.669254658,4.224240032,47.02237545,,,
Path 3,0.809291687,1.039291687,1.169291687,0.939056047,97.3534584,37.32645512,67.03519821,35.15529633,0.775416427,2.354076218,2.203339591,0.252576278,48.20098648
,,,,,,,,,,,,,
Experiment 124,,,,,,,,,,,,,
Path 1,0.78900156,1.00925117,10.19704342,72.06094265,3.906762968,1.389363398,47.17171758,,,,,,
Path 2,0.62900156,1.01925078,1.06925078,80.78706264,52.73079872,82.38017559,4.57615831,0.269192423,0.359892032,49.1709758,,,
Path 3,0.689251559,0.989251559,1.089001041,1.08925117,86.42077446,86.42137051,27.52804756,50.72534084,4.17103133,0.228560072,0.119521912,0.149581173,47.97732082
,,,,,,,,,,,,,
Experiment 125,,,,,,,,,,,,,
Path 1,0.529010819,1.159258496,127.0884275,191.3125515,0.58106306,1.676727029,37.25536938,,,,,,
Path 2,0.829011329,0.869011329,1.179258496,15.16723633,19.47402954,29.85978127,0.373563218,0.163445823,0.452619414,74.48114111,,,
Path 3,0.659505664,1.199258496,0.829258496,0.859011329,30.84397316,7.068037987,97.51057625,48.75469208,3.030880671,0.167092589,0.108299695,0,53.7230323
,,,,,,,,,,,,,
Experiment 126,,,,,,,,,,,,,
Path 1,0.709266055,1.119266055,68.27330589,96.4922905,7.115604731,0.749640583,37.81975642,,,,,,
Path 2,0.509021407,1.109021407,0.809266429,60.86921692,56.87832832,19.48428154,1.325829836,0.425326245,0.999902922,32.81877122,,,
Path 3,0.789266055,0.849266055,1.069021407,0.909021407,27.04668045,6.707787514,25.16317368,11.85870171,2.591463415,1.271517997,2.54606697,4.3915828,36.52565298
,,,,,,,,,,,,,
Experiment 127,,,,,,,,,,,,,
Path 1,0.708996341,1.049247256,179.2955399,154.1929245,4.251668255,4.181600956,32.24198858,,,,,,
Path 2,0.848996341,0.908996341,1.14949817,58.46440792,19.48678493,11.55698299,4.938744257,1.298832058,4.457819035,40.28316685,,,
Path 3,0.548996865,0.808996341,1.118996341,0.898996865,66.0803318,13.09275627,47.79028893,102.6266813,3.864503817,0.019851117,0.039710116,0.089383256,39.98973247
,,,,,,,,,,,,,
Experiment 128,,,,,,,,,,,,,
Path 1,0.519016897,1.069262673,111.1466885,149.7277021,0.133498617,0.0763869,41.79453634,,,,,,
Path 2,0.929262673,1.079508449,1.129263427,85.09016037,0.997304916,133.0996752,2.891889304,1.380534464,1.599840016,48.27778364,,,
Path 3,0.889016393,0.879016897,0.9295087,1.069016393,50.45330524,39.61622715,22.33052254,41.93329811,1.406309388,0.395142637,3.018867925,1.855731817,46.07870295
,,,,,,,,,,,,,
Experiment 129,,,,,,,,,,,,,
Path 1,0.539249218,0.968957247,141.8019533,49.7635603,0.914982844,8.272412466,25.81205188,,,,,,
Path 2,0.559249218,1.008998957,1.019249218,114.8017645,56.50818348,84.75899696,4.694478761,0.3091036,2.75055011,32.48558386,,,
Path 3,0.679249218,0.819249218,0.968998957,0.948998957,48.58338833,58.53676796,4.382610321,50.19891262,7.275497572,1.037280477,1.276463263,0.756859035,46.64206693
,,,,,,,,,,,,,
Experiment 130,,,,,,,,,,,,,
Path 1,0.779256966,1.009008776,90.90936184,43.83707047,0.304790932,1.089137289,75.53349688,,,,,,
Path 2,0.889009288,0.949504644,1.049009288,77.98922062,57.64234066,122.8307486,0.731382979,7.118935987,0.721129082,48.44425526,,,
Path 3,0.569257349,1.179256198,1.189256198,0.999008264,100.2608538,102.2263765,90.45553207,2.722024918,2.423033067,0.155808745,0.009753243,0,46.42620688
,,,,,,,,,,,,,
Experiment 131,,,,,,,,,,,,,
Path 1,0.769498956,0.889248434,101.5975475,156.2438011,0.936365374,1.00308642,65.21811796,,,,,,
Path 2,0.558997912,0.909248042,0.958996865,37.80031204,96.8388319,48.54226112,0.038011974,1.359444814,5.859676176,31.17939443,,,
Path 3,0.548997912,1.078997912,1.059248042,0.888997389,63.87269497,52.18708515,12.02559471,51.98729038,5.257633588,0.181287139,0.726465543,0.223599959,36.87993182
,,,,,,,,,,,,,
Experiment 132,,,,,,,,,,,,,
Path 1,0.889003633,0.879252336,148.7184763,134.2390776,0.778949368,4.700813787,43.72997284,,,,,,
Path 2,0.679003633,1.059003115,0.979252336,109.1454029,13.14103603,26.35550499,2.523088641,2.051181871,3.320702034,40.45477864,,,
Path 3,0.899003633,0.889252724,1.179252724,1.139003633,94.37131882,81.37106895,29.54256535,97.73087502,7.011210336,0.991009399,0.020637705,0.030962948,47.83892818
,,,,,,,,,,,,,
Experiment 133,,,,,,,,,,,,,
Path 1,0.989503619,1.019255044,128.5467148,152.6944637,1.90313065,6.644679406,34.09284023,,,,,,
Path 2,0.649007239,0.809255429,0.919255429,17.68553257,35.6798172,125.8673668,4.462474645,2.861186938,1.831806828,41.11828929,,,
Path 3,0.979007239,1.189255429,0.939255429,1.129007239,34.10434723,98.10686111,100.8349657,11.75427437,3.721822542,0.269004683,0.02997003,0,48.72745577
,,,,,,,,,,,,,
Experiment 134,,,,,,,,,,,,,
Path 1,0.769002079,1.11950104,128.1319857,94.16055679,3.029434251,3.64639795,39.03794372,,,,,,
Path 2,0.869251559,0.89925117,1.079002079,59.2867136,62.74688244,33.78272057,0.239371888,0.086380651,0.019212296,77.67146864,,,
Path 3,0.579002079,1.16900156,1.10950104,0.839251559,38.1988287,98.14953804,18.83196831,49.06022549,2.234103494,1.728515625,2.38497466,0.071261325,31.86350349
,,,,,,,,,,,,,
Experiment 135,,,,,,,,,,,,,
Path 1,0.649248826,1.059248826,48.44653606,124.1368055,2.091690544,1.131596917,55.72869923,,,,,,
Path 2,0.899248826,1.118998435,0.838997912,101.2433767,51.39195919,84.66517925,6.03274921,0,1.070009172,49.91050037,,,
Path 3,0.798998435,0.988999479,0.988998435,0.909248826,90.42036533,28.50329876,75.74820518,12.97485828,0.550964187,1.08892922,2.723322067,0.684999504,50.38899849
,,,,,,,,,,,,,
Experiment 136,,,,,,,,,,,,,
Path 1,0.528999479,0.798999479,184.1980219,81.27582073,0.87652439,5.488273741,25.89176531,,,,,,
Path 2,0.949249609,1.18925,0.959000521,101.2622118,91.58039093,77.94082165,2.97698307,1.019507891,3.882341289,41.63343398,,,
Path 3,0.959249609,0.879249609,0.95925,1.179,106.2507629,95.0769186,91.03477001,10.47194004,0.303980241,0.009528347,0.876691443,3.537781196,48.3308544
,,,,,,,,,,,,,
Experiment 137,,,,,,,,,,,,,
Path 1,0.528998957,1.048998435,2.356648445,200.8266449,3.27837606,3.488028377,23.04774537,,,,,,
Path 2,0.528998957,0.948997912,1.089248826,6.69157505,108.4375381,65.41872025,4.356114765,0.797289217,0.381756078,34.2906619,,,
Path 3,0.739499739,1.049248826,1.009248434,1.099248826,85.34789085,27.96018124,65.00828266,68.39036942,6.483075158,0.214723926,1.168152475,1.119751166,46.4446392
,,,,,,,,,,,,,
Experiment 138,,,,,,,,,,,,,
Path 1,0.689263804,1.019263804,84.5426321,83.55891705,0.818813672,5.471824902,40.63321625,,,,,,
Path 2,0.679263804,1.0990174,0.9090174,104.9019098,83.76610279,64.96727467,0.038069858,0.333238122,0.802445548,69.00090506,,,
Path 3,0.549018405,1.189017903,1.049018405,0.989018906,37.96696663,42.02389717,65.29092789,60.95075607,3.414727203,1.343077227,0.08008008,0.470847526,33.56240259
,,,,,,,,,,,,,
Experiment 139,,,,,,,,,,,,,
Path 1,0.649249218,1.068999479,58.24148655,88.74046803,1.547130169,4.442719953,41.47182119,,,,,,
Path 2,0.889249609,1.14925,0.79925,149.3271589,109.0112925,112.3285294,2.128063842,3.484760241,1.558885648,42.03453361,,,
Path 3,0.678998957,0.888999479,0.979,1.048999479,2.67136097,91.71938896,49.70645905,70.5678463,4.428571429,3.437967115,1.269349845,1.390195464,37.86001429
,,,,,,,,,,,,,
Experiment 140,,,,,,,,,,,,,
Path 1,0.639010309,1.089505664,94.93625164,165.9984589,1.531437268,0.096599691,63.79918963,,,,,,
Path 2,0.979257732,1.199258496,1.099011837,73.9992857,50.56083202,134.7755194,6.577193984,2.017320428,0.062389519,50.85954614,,,
Path 3,0.779010819,1.029010819,1.159258496,0.939010819,26.80599689,107.0843935,95.17049789,81.06887341,0.628391888,2.749832327,0.009852217,0.177357375,47.38153062
,,,,,,,,,,,,,
Experiment 141,,,,,,,,,,,,,
Path 1,0.879248826,0.869248826,53.68924141,19.8032856,3.343525002,1.867346939,48.38157071,,,,,,
Path 2,0.739248826,1.069249218,1.029249218,44.58904266,44.58618164,6.896615028,2.839931153,1.417183348,0.219626635,52.55496994,,,
Path 3,0.578998435,1.078998435,1.188998957,0.959248826,31.14557266,13.50140572,20.12515068,67.84915924,8.097928437,0.079690346,1.127948046,0.806637474,37.71560937
,,,,,,,,,,,,,
Experiment 142,,,,,,,,,,,,,
Path 1,0.889254658,1.149255044,191.7176247,53.25353146,0,0.265982711,79.44443594,,,,,,
Path 2,0.709006725,0.989006725,0.999503363,127.8989315,71.80762291,29.32906151,3.213808888,3.133313627,1.424066728,42.91368955,,,
Path 3,0.859255044,1.149006725,1.079255044,0.859255044,38.43212128,6.680607796,37.77372837,52.83164978,5.142692971,0.252397779,0.435222672,0.030497103,48.02404455
,,,,,,,,,,,,,
Experiment 143,,,,,,,,,,,,,
Path 1,0.899005697,1.169255429,86.27927303,82.13889599,5.916484353,3.73066424,28.52790707,,,,,,
Path 2,0.659254272,0.919007752,0.969007752,60.24754047,97.15735912,124.2593527,5.136268344,0.150678051,1.861167002,46.26082875,,,
Path 3,0.919254272,0.909751681,0.819007752,0.889006725,33.98346901,25.90799332,49.93259907,31.39185905,1.036323668,2.908821663,1.361804118,0.839407996,45.02860787
,,,,,,,,,,,,,
Experiment 144,,,,,,,,,,,,,
Path 1,0.719499218,0.969248826,41.22376442,154.7082663,2.498331267,1.633251834,51.80697727,,,,,,
Path 2,0.878998435,1.039248826,0.908998435,7.388114929,47.19257355,103.7317514,1.824228029,2.042001355,1.086741751,52.79214054,,,
Path 3,0.779248826,1.128998435,1.149249218,1.058998435,59.94844437,102.7673483,98.29378128,7.539153099,3.819047619,2.198237449,0.46572846,0.620486217,49.35156571
,,,,,,,,,,,,,
Experiment 145,,,,,,,,,,,,,
Path 1,0.859003633,0.869252724,34.99162197,123.7978935,3.246815439,1.286873886,48.54661642,,,,,,
Path 2,0.589252724,1.069252336,1.009501558,111.0084057,109.5209122,9.667515755,8.412910619,0.406631217,0.743299832,42.86676528,,,
Path 3,0.589252724,0.829003633,1.049252724,0.919252724,70.83809376,100.7249355,100.7896662,101.1593342,4.926955027,1.637039269,1.57239126,1.732365145,28.90490864
,,,,,,,,,,,,,
Experiment 146,,,,,,,,,,,,,
Path 1,0.678997912,0.958998435,86.37154102,17.66073704,6.183161579,3.139896373,32.32265801,,,,,,
Path 2,0.598997912,1.039249218,0.869249218,73.30417633,93.25230122,125.2673864,0.6107453,1.180988958,3.468713564,38.81823736,,,
Path 3,0.989248434,0.928998435,1.139248826,1.148998435,54.50487137,35.43257713,37.27734089,90.5598402,3.724983242,0.248657251,0.179479509,0.079912097,47.23772483
,,,,,,,,,,,,,
Experiment 147,,,,,,,,,,,,,
Path 1,0.829248434,0.919498956,114.3122911,42.69313812,4.550680207,1.445347787,40.57413597,,,,,,
Path 2,0.988997912,1.049247256,1.109247256,50.85480213,17.81916618,49.90959167,1.761066159,0.03875969,0.048468399,67.22893011,,,
Path 3,0.938997912,1.159247649,0.839247649,1.098997389,91.51756763,47.2369194,45.2464819,69.59939003,5.381080046,0.293462862,0.771338679,0.204561727,47.51832139
,,,,,,,,,,,,,
Experiment 148,,,,,,,,,,,,,
Path 1,0.908994764,1.049247256,87.71121502,172.4488735,0.333842045,1.435544071,68.85904679,,,,,,
Path 2,0.908994764,1.179246862,0.899247256,125.600338,85.08825302,68.17054749,7.019212479,0.04091653,0.184199754,50.47967295,,,
Path 3,0.549246073,1.009247649,0.828995816,1.168996341,95.93772888,35.01725197,51.11920834,34.30402279,0.619992369,0,2.802572224,4.83855041,27.30061645
,,,,,,,,,,,,,
Experiment 149,,,,,,,,,,,,,
Path 1,0.559006211,0.979255044,173.2062101,183.8331223,0.456100342,4.247804506,31.93455082,,,,,,
Path 2,0.869006211,1.089006211,1.119254658,136.9303465,109.900713,43.81489754,0.7466973,0.405092593,3.234553554,54.02176068,,,
Path 3,0.559254658,1.159254658,1.189254658,0.939254658,39.03853893,35.04884243,35.24208069,30.89785576,0.446598252,2.033024721,1.597817615,2.237623762,25.54946108
,,,,,,,,,,,,,
Experiment 150,,,,,,,,,,,,,
Path 1,0.929298246,1.179297903,182.5820208,151.0970592,1.407371948,4.806758594,40.07190381,,,,,,
Path 2,0.649298246,1.179297561,1.029297561,84.51843262,55.04190922,134.0508461,4.574539204,0.210168135,0.351017952,50.52238287,,,
Path 3,0.949532164,1.169297903,1.189297903,1.159297903,100.7068157,36.26167774,23.26846123,27.77171135,9.704119494,0.063217785,0.063257775,0.242641629,48.13445915
,,,,,,,,,,,,,
Experiment 151,,,,,,,,,,,,,
Path 1,0.67925,0.90925039,129.5565367,153.9856195,4.122239147,1.896534604,39.51186199,,,,,,
Path 2,0.719,1.049000521,0.91925078,69.00441647,153.7839174,51.26404762,0.143020595,0.706578822,3.461871334,50.42724483,,,
Path 3,0.609000521,1.019000521,0.93925078,0.85925039,93.54817867,52.17397213,40.4971838,102.7821302,7.740825688,0.031075202,0.134701067,0.072629176,46.72120014
,,,,,,,,,,,,,
Experiment 152,,,,,,,,,,,,,
Path 1,0.95925117,0.829002079,52.54757404,152.2418261,2.595288259,0.75705437,57.94164722,,,,,,
Path 2,0.619002079,1.06925117,0.90925117,79.67090607,98.01721573,122.6425171,1.710300019,0,0.058326043,62.5272067,,,
Path 3,0.709002079,0.949002079,1.09925117,0.909251559,43.23863983,12.68208027,40.30787945,67.38400459,2.031667303,4.381267647,0.132369412,2.681484502,37.83873503
,,,,,,,,,,,,,
Experiment 153,,,,,,,,,,,,,
Path 1,0.749002597,0.999251559,102.6586294,39.69764709,7.743658211,1.995038247,29.40713563,,,,,,
Path 2,0.969002597,1.099251948,1.149002597,68.61650944,108.0015898,15.38550854,4.236396672,2.266826443,0.265658527,48.29775409,,,
Path 3,0.619002597,0.969251559,0.979251948,0.869251948,80.96921444,57.51657486,31.0331583,28.36465836,0.640168164,0,0.009616309,0.067320639,66.94163457
,,,,,,,,,,,,,
Experiment 154,,,,,,,,,,,,,
Path 1,0.619249218,1.039249218,7.138729095,118.0384159,6.910724527,0.349111818,39.85145392,,,,,,
Path 2,0.719249609,1.128999479,0.969249218,125.320673,58.00044537,93.82450581,6.407933632,0.774325013,2.536194681,42.28925963,,,
Path 3,0.719249218,0.819249218,0.988999479,0.818999479,72.90649414,34.20710564,68.46642494,97.42534161,3.854226293,0.049613018,0.565869155,0.938498403,47.1915827
,,,,,,,,,,,,,
Experiment 155,,,,,,,,,,,,,
Path 1,0.639248434,1.148997912,6.405949593,101.9417048,2.15964228,6.271878646,34.44153202,,,,,,
Path 2,0.558997912,0.819248826,1.109248826,17.35043526,35.6323719,51.6269207,1.178371187,2.836811232,1.415281077,32.51596528,,,
Path 3,0.829498956,0.848997912,1.068998435,1.058997912,26.0746479,27.81248093,67.23952293,85.729599,0.363880111,0.480538203,0.00965717,0,72.09390179
,,,,,,,,,,,,,
Experiment 156,,,,,,,,,,,,,
Path 1,0.749248434,0.898997389,19.37091351,26.38065815,4.144757191,2.452404001,40.03437651,,,,,,
Path 2,0.809498956,0.928996865,0.978996865,138.551712,37.32597828,33.21969509,0.296792724,0.364893413,0.048188126,73.26821599,,,
Path 3,0.869248434,1.159248042,1.038704961,1.098997389,45.57454586,40.87984562,36.09621525,89.40804005,0.162772884,1.93727822,2.122249389,0.429656275,51.85616426
,,,,,,,,,,,,,
Experiment 157,,,,,,,,,,,,,
Path 1,0.49929064,0.939290291,98.12748432,119.0191507,6.421232877,0.579444953,22.77495545,,,,,,
Path 2,0.98929064,1.179289941,1.179053254,77.94809341,131.9316626,56.8972826,0.26641294,0.104941805,0.047750931,77.46898818,,,
Path 3,0.639053721,0.989053721,1.179290291,0.999290291,17.74513721,91.3734436,63.38429451,62.08240986,2.790210456,3.448275862,0.142045455,0,43.53026366
,,,,,,,,,,,,,
Experiment 158,,,,,,,,,,,,,
Path 1,0.729256198,0.899007752,74.00345802,118.5785532,2.562141491,3.129905808,44.5488956,,,,,,
Path 2,0.539256198,0.899008264,1.169007752,68.57562065,129.1650534,73.75526428,0.49552125,0.325608121,0.038431975,40.76088602,,,
Path 3,0.679504132,1.159255814,1.049008264,0.899256198,16.52181149,78.58002186,50.26209354,85.34193039,1.609217292,0.019355463,1.161552609,0.284007443,54.9432483
,,,,,,,,,,,,,
Experiment 159,,,,,,,,,,,,,
Path 1,0.829251948,1.029001041,20.18713951,21.76630497,4.650895728,6.53980489,26.46465707,,,,,,
Path 2,0.609002597,1.169001041,0.959000521,23.40185642,56.60653114,26.6276598,0.525511179,0.364998559,1.012243324,63.43463616,,,
Path 3,0.549251559,1.09925078,1.03950052,0.89925078,79.48112488,94.56789494,80.43813705,13.23378086,1.392598245,0.067711356,0.01935921,0.029044438,45.06991145
,,,,,,,,,,,,,
Experiment 160,,,,,,,,,,,,,
Path 1,0.629247256,0.848996341,41.28921032,36.4061594,1.198516123,1.232309618,56.07239705,,,,,,
Path 2,0.819247256,0.918996341,0.919247256,90.90065956,127.8396845,36.22710705,0.402067777,0.711264898,2.768635044,54.47714699,,,
Path 3,0.939247256,0.908996341,1.118996341,0.808996341,3.39281559,67.7396059,17.45831966,49.08168316,0.086165629,0.076657723,0,0.297276563,72.35096207
,,,,,,,,,,,,,
Experiment 161,,,,,,,,,,,,,
Path 1,0.599251948,1.179253112,65.95313549,92.77701378,0.839774788,8.170532191,33.4530698,,,,,,
Path 2,0.979002597,0.959502333,1.059253112,106.0143709,121.2956905,74.08094406,0.086009174,0.363462458,0.019199386,75.0801121,,,
Path 3,0.679251948,0.919003115,0.939004666,0.919004149,105.4490805,73.33660126,98.93810749,30.03942966,0.466400152,0.545089414,0.028846154,0.096181591,64.35025256
,,,,,,,,,,,,,
Experiment 162,,,,,,,,,,,,,
Path 1,0.95925039,0.849,13.71228695,66.00809097,5.355884426,2.808211892,37.38207094,,,,,,
Path 2,0.929000521,1.179249609,0.998999479,18.26775074,48.58326912,136.5003586,3.98467433,0.409018356,0.981668837,49.99329795,,,
Path 3,0.73925039,0.90925039,0.869,0.82925039,52.01458931,75.88374615,83.16326141,47.67584801,2.380269573,1.547199373,0.06962403,0.159251518,52.12582352
,,,,,,,,,,,,,
Experiment 163,,,,,,,,,,,,,
Path 1,0.739249609,0.888999479,85.62731743,60.90092659,4.768145161,3.027416111,37.51065639,,,,,,
Path 2,0.648999479,1.188999479,1.159,45.76671124,15.5813694,132.6682568,0,1.881207028,0.175182482,62.81756642,,,
Path 3,0.899249609,0.899249218,0.859,1.079249609,86.80272102,41.63348675,48.17974567,83.58621597,1.963037441,2.314905255,0.029997,0.400080016,48.98474901
,,,,,,,,,,,,,
Experiment 164,,,,,,,,,,,,,
Path 1,0.829247649,0.819247649,110.008359,98.47843647,0.880972901,0.12559173,72.64324861,,,,,,
Path 2,0.678996865,1.138997389,1.168996865,117.0371771,144.5652246,127.8750896,1.617968973,0.067717907,0.106485963,62.87807043,,,
Path 3,0.929247649,0.839247649,0.829247649,1.068996865,84.97643471,85.0815773,101.2314558,46.13637924,4.166267599,0.599640216,0.160868691,0.302114804,46.24272068
,,,,,,,,,,,,,
Experiment 165,,,,,,,,,,,,,
Path 1,0.879246862,1.109247256,103.6746502,64.17822838,5.882352941,1.110662359,35.66915321,,,,,,
Path 2,0.648995816,0.998996865,0.809247256,32.44411945,45.57693005,44.34025288,1.623686724,5.116504854,2.977591323,38.60052659,,,
Path 3,0.688995816,1.188995816,0.969247649,0.849247256,97.63014317,13.85390759,21.63398266,36.93962097,0.342759212,0.71653769,0.192455735,0.019282684,63.46291321
,,,,,,,,,,,,,
Experiment 166,,,,,,,,,,,,,
Path 1,0.919016393,1.019508197,50.15075207,111.4388704,6.415413932,4.604072398,28.60826977,,,,,,
Path 2,0.549508197,0.819507945,0.819261917,46.29004002,12.92479038,130.4621696,0.486501956,2.01303681,0.586969282,40.62849349,,,
Path 3,0.829262673,0.969262673,0.939015889,0.849016393,46.83470726,13.95106316,69.21052933,85.28542519,5.890240398,0.437614492,0.132883574,0.327533265,45.93690571
,,,,,,,,,,,,,
Experiment 167,,,,,,,,,,,,,
Path 1,0.708996341,1.178996341,203.3547163,155.7222605,1.143837575,7.897020538,31.83804651,,,,,,
Path 2,0.869247256,0.859247256,0.948996341,20.33925056,94.15864944,106.3607931,3.255769415,0.287043452,0,55.94872179,,,
Path 3,0.789247649,0.809247256,0.949247256,0.949247256,50.38416386,33.95950794,66.00344181,59.34464931,0.428530616,0.382555471,0.067204301,0.634066673,64.58946514
,,,,,,,,,,,,,
Experiment 168,,,,,,,,,,,,,
Path 1,0.809014879,1.019261538,157.0905447,44.95060444,0.459550024,1.115706454,69.54500787,,,,,,
Path 2,0.879014879,0.829507692,0.809261538,20.95687389,71.71297073,15.86401463,2.672157839,2.558551466,2.262169259,42.90707369,,,
Path 3,0.619014879,0.94926116,1.169014879,1.089015385,53.19941044,57.76870251,59.66091156,66.45131111,6.049311927,0.905299563,0.851981113,0.051765193,43.54827463
,,,,,,,,,,,,,
Experiment 169,,,,,,,,,,,,,
Path 1,0.699017903,0.989263804,26.69799328,159.6884727,5.812174977,5.174840316,28.15879716,,,,,,
Path 2,0.809017903,0.829018906,1.09926418,107.468605,132.4862242,52.82914639,0,0.038288504,0.727760222,73.49448446,,,
Path 3,0.979508951,1.099263427,1.099018906,0.98926418,45.07350922,44.82936859,37.09292412,106.4897776,4.5389666,0.807416268,0.62305296,2.861765598,45.51144213
,,,,,,,,,,,,,
Experiment 170,,,,,,,,,,,,,
Path 1,0.769254658,0.989006211,76.75659657,133.4953308,0.315336837,2.962039877,55.68368653,,,,,,
Path 2,0.499254658,1.139254658,0.809502848,110.209465,47.63615131,72.51656055,5.497431995,2.073268921,0.092497431,30.24894224,,,
Path 3,0.789503363,1.159254658,1.169254658,0.949254658,107.2267294,9.037852287,88.12427521,11.80553436,0.180952381,0.839614541,0.10584047,0.250433442,62.55733324
,,,,,,,,,,,,,
Experiment 171,,,,,,,,,,,,,
Path 1,0.989516373,1.159032746,184.253931,113.0297184,3.84578772,0.02970003,54.3444244,,,,,,
Path 2,0.789274559,0.929032258,0.979032258,144.1988945,87.11457253,31.51679039,2.285931994,2.885271469,0.301114122,50.26693188,,,
Path 3,0.759274559,0.999274559,1.199274194,0.829274194,39.00074959,74.73993301,51.53632164,12.6966238,1.28058104,3.572120039,0.983836964,0.294028186,45.36642619
,,,,,,,,,,,,,
Experiment 172,,,,,,,,,,,,,
Path 1,0.589263427,0.809017903,174.6037006,17.75169373,1.27960275,0.735151867,48.43286622,,,,,,
Path 2,0.869263427,0.80926305,0.929017903,40.25554657,32.49287605,60.69099903,1.369338313,1.077669903,1.354401806,53.7334683,,,
Path 3,0.589017903,0.809017903,0.84926305,1.069263427,28.76472473,13.01109791,22.83108234,91.76325798,2.989493792,1.486659447,0.309814112,2.22556391,31.48739361
,,,,,,,,,,,,,
Experiment 173,,,,,,,,,,,,,
Path 1,0.779095193,1.169321715,188.6481047,151.6578197,1.913738932,0.795961949,60.44846574,,,,,,
Path 2,0.739321395,1.039095619,1.159321715,117.3028946,123.9279509,78.73284817,4.674505305,0.842358604,0.091019417,49.04897224,,,
Path 3,0.699321395,0.859321395,0.849095619,1.169095619,45.27807236,5.395770073,15.87426662,26.0642767,1.361775069,0.965437343,0,0.058490934,62.63817287
,,,,,,,,,,,,,
Experiment 174,,,,,,,,,,,,,
Path 1,0.759249609,0.808999479,33.00905228,86.30132675,0.821865443,2.351127385,56.39094102,,,,,,
Path 2,0.759249609,0.948998957,0.819249218,119.1574335,25.66695213,24.81484413,1.863354037,1.022395326,3.472700443,46.01910122,,,
Path 3,0.899249609,1.059249218,0.888998957,1.078998957,42.26005077,79.20229435,84.39123631,35.9287262,1.016916936,0.105616899,5.286428297,2.831337528,44.88413699
,,,,,,,,,,,,,
Experiment 175,,,,,,,,,,,,,
Path 1,0.708994238,0.849246073,120.9911108,191.0946369,0.514874142,6.86218133,35.34990438,,,,,,
Path 2,0.959245678,0.959245678,0.918994238,10.41924953,22.30489254,49.30233955,5.904783915,0.294731671,4.631112206,41.55028369,,,
Path 3,0.919497382,1.178994764,1.099245678,1.188994764,34.82675552,60.99152565,103.1374931,92.08977222,3.624570775,1.830958036,0.282286521,0.111212213,50.30792051
,,,,,,,,,,,,,
Experiment 176,,,,,,,,,,,,,
Path 1,0.64949817,1.099246862,120.6073761,52.78348923,0.105042017,0.047796578,77.86415562,,,,,,
Path 2,0.529247256,1.06899529,0.82899529,92.43738651,88.43421936,92.0445919,0.638277603,0.067114094,0.652403339,43.38327526,,,
Path 3,0.839247256,1.059246862,1.18899529,1.148995816,51.88429356,109.2283726,47.80685902,45.16971111,4.664750958,0.452124987,0,0,48.26770332
,,,,,,,,,,,,,
Experiment 177,,,,,,,,,,,,,
Path 1,0.78925078,0.919000521,157.2245359,9.082913399,1.495380512,2.804099787,51.28263386,,,,,,
Path 2,0.629000521,0.85925,0.90925,8.95690918,114.4883633,92.99325943,1.236329054,0.105922003,1.243493349,59.10844423,,,
Path 3,0.98950026,0.93925039,0.979000521,0.999000521,16.72685146,79.19156551,13.59808445,16.38257504,0.536244374,0.048137094,0.587555384,1.404902626,57.98268497
,,,,,,,,,,,,,
Experiment 178,,,,,,,,,,,,,
Path 1,0.779271255,0.909027848,167.7783728,16.71743393,1.762072578,0.562342447,63.55925997,,,,,,
Path 2,0.57902834,1.049270517,0.839027356,95.59762478,9.488344193,102.7793884,0.553699284,0.566381876,0.559953659,46.22743969,,,
Path 3,0.63902834,0.939270886,0.859270517,1.139270886,59.03959274,38.61165047,81.87735081,39.00969028,5.450913242,1.05644431,0.122025625,0.010181226,47.62573349
,,,,,,,,,,,,,
Experiment 179,,,,,,,,,,,,,
Path 1,0.639263804,1.039509202,43.47038269,175.0438213,0.59914408,4.860313816,38.50502824,,,,,,
Path 2,0.549263804,0.989018906,0.929263804,9.269237518,9.863138199,128.1455755,0.27661198,0.267814443,0.374028963,45.67538744,,,
Path 3,0.829018405,1.009018405,0.979018906,1.079263804,55.47833443,23.82838726,30.05814552,5.599617958,0.08619864,1.226993865,0.291149068,0.272532607,60.4806654
,,,,,,,,,,,,,
Experiment 180,,,,,,,,,,,,,
Path 1,0.518998957,0.839249218,18.13602448,125.4225969,0.019076688,0.152642625,37.32027764,,,,,,
Path 2,0.949249218,1.079249218,0.889249218,119.1060543,81.35771751,108.2662344,3.392246294,1.937641389,0.952858576,48.38259832,,,
Path 3,0.869248826,0.969248826,1.118998957,0.969249218,43.50268841,66.38026237,72.35002518,76.13503933,2.594542843,0.461961864,2.922879431,2.939680602,36.12038625
,,,,,,,,,,,,,
Experiment 181,,,,,,,,,,,,,
Path 1,0.79925117,0.829001041,79.96141911,30.81560135,5.189397786,5.119965724,29.58594108,,,,,,
Path 2,0.67900156,1.09925117,0.809002597,139.9308443,90.94500542,127.7937889,1.522939273,0.763580128,0.36037791,58.32512713,,,
Path 3,0.88925117,1.19900156,0.899251559,1.08925078,85.29126644,104.523778,83.24050903,60.17935276,5.723521582,1.835417507,0.318471338,0.659589818,50.34652312
,,,,,,,,,,,,,
Experiment 182,,,,,,,,,,,,,
Path 1,0.62900156,0.99900156,42.09637642,186.2072945,0.799010749,4.391600345,38.62375594,,,,,,
Path 2,0.62950078,0.97900156,0.95925117,20.33925056,43.64407063,44.83020306,3.493907083,1.440268324,5.414873386,38.39042386,,,
Path 3,0.90925117,0.849001041,1.00925117,0.90900156,47.32990265,96.94719315,90.5495882,37.9139185,0.373170032,0.403380715,0.106075217,0.46336519,65.51437403
,,,,,,,,,,,,,
Experiment 183,,,,,,,,,,,,,
Path 1,0.539499479,1.118998957,119.9103594,199.8702288,2.258863896,6.699171136,22.07305975,,,,,,
Path 2,0.958998957,1.118998957,0.868998957,25.65991879,74.3227005,0.688076019,0.172347759,0.374064838,0.028882257,76.57659565,,,
Path 3,0.759249218,0.838998957,0.968998957,0.848998957,78.31919193,100.4401445,76.20847225,51.41270161,2.628560505,0.25522725,0.019683102,0.019686977,56.18137105
,,,,,,,,,,,,,
Experiment 184,,,,,,,,,,,,,
Path 1,0.769041438,1.009281078,65.26255608,144.6082592,0.143321231,1.530953976,67.79128557,,,,,,
Path 2,0.969281078,0.979041438,0.979281078,31.2063694,90.27695656,47.96755314,4.196831392,1.117073705,1.783143205,45.68498028,,,
Path 3,0.979281078,1.139041916,0.889281078,1.119280719,3.935217857,76.02548599,18.36311817,75.94764233,0.760167237,0.45001915,0,0.048090795,72.12488341
,,,,,,,,,,,,,
Experiment 185,,,,,,,,,,,,,
Path 1,0.869247256,0.859247649,87.11886406,13.80932331,5.098212315,1.174418605,42.39172628,,,,,,
Path 2,0.988996341,0.969247649,1.019247256,76.13170147,22.46510983,99.39539433,1.070745698,0.483185157,0.524373665,66.99997065,,,
Path 3,0.979247256,1.168703607,1.158996865,1.138996865,18.6663866,95.76237202,74.07128811,13.74197006,2.103359665,0.009721952,0.009722897,0,64.71367446
,,,,,,,,,,,,,
Experiment 186,,,,,,,,,,,,,
Path 1,0.859257732,0.859009799,181.629777,126.1079311,9.822881762,0.201719928,38.86177989,,,,,,
Path 2,0.609257732,1.029257349,0.939504899,77.25667953,37.30368614,120.9704876,5.324538763,0.100969305,0.151607035,48.45926287,,,
Path 3,0.679257732,1.089257732,1.179257349,1.159009799,68.80033016,68.79806519,13.09227943,36.46397591,1.80883473,0.087260035,0.038816109,0.019415591,64.27034719
,,,,,,,,,,,,,
Experiment 187,,,,,,,,,,,,,
Path 1,0.919248042,1.019248042,194.1206455,157.0481062,0.419567083,4.002681222,48.1267929,,,,,,
Path 2,0.819248042,1.129248042,0.808997389,131.2758923,22.37200737,8.044242859,1.656453466,2.560607536,1.838529177,45.62906116,,,
Path 3,0.498997389,0.999248042,1.168997389,1.168997389,13.98003101,60.09578705,9.483218193,14.80984688,3.339358767,0.718503937,1.298701299,0.110486139,25.2965681
,,,,,,,,,,,,,
Experiment 188,,,,,,,,,,,,,
Path 1,0.89925,1.189499739,36.8282795,75.49834251,0.703957382,8.07625982,34.15931702,,,,,,
Path 2,0.69925,0.948999479,0.818999479,93.40906143,120.46206,37.60135174,3.456484479,0.818621166,0.089498807,51.76318671,,,
Path 3,0.729,0.909000521,1.018999479,0.869249609,45.71914673,88.10794353,79.10919189,21.38841152,1.414778702,0.475128479,1.325019486,1.007109005,52.69973693
,,,,,,,,,,,,,
Experiment 189,,,,,,,,,,,,,
Path 1,0.829268664,1.169024886,197.7247,91.8533802,5.096458393,1.173139159,39.88082225,,,,,,
Path 2,0.559268664,0.859269036,0.939024886,49.99911785,36.53895855,68.56215,1.42558449,2.362128808,0.049372963,36.11610793,,,
Path 3,0.819024886,0.839024886,0.799269036,0.839268664,15.47777653,51.80156231,8.779883385,84.8069191,0.199505985,0.085673489,0.028582317,0.038120652,74.91333457
,,,,,,,,,,,,,
Experiment 190,,,,,,,,,,,,,
Path 1,0.67925964,0.849012346,158.6455107,187.9770756,3.436785986,2.730947451,40.81087128,,,,,,
Path 2,0.75925964,0.809012853,1.029012853,35.14587879,107.2635651,6.987571716,0.239188672,4.152680541,0.490294177,51.64784244,,,
Path 3,0.99925964,0.939259259,0.99925964,0.96925964,63.08662891,83.71186256,95.62575817,53.26163769,3.93489708,0.438509069,0.04004004,0.01001402,47.43474878
,,,,,,,,,,,,,
Experiment 191,,,,,,,,,,,,,
Path 1,0.849262673,0.899262673,147.0241547,11.54220104,0.220053578,4.775146227,48.64429903,,,,,,
Path 2,0.509262673,0.959262295,0.959262295,14.12069798,5.138754845,131.6388845,3.98778859,1.937599364,0.202654778,32.29342341,,,
Path 3,0.909016897,1.169016897,0.929016897,0.95926305,81.1290741,70.49691677,81.04670048,37.64021397,0.019074869,1.27826004,0.009662769,0.067645922,56.69633412
,,,,,,,,,,,,,
Experiment 192,,,,,,,,,,,,,
Path 1,0.589074253,1.119074253,7.850289345,82.54492283,3.234368856,6.28873311,24.61789017,,,,,,
Path 2,0.679074253,0.809306024,1.059305689,134.7953081,101.0130644,119.4709539,0.399809614,0.143362324,0.440275651,68.26583329,,,
Path 3,0.639537126,1.199305689,1.029074699,0.829305689,80.56807518,9.118556976,18.94962788,73.22204113,0.057066768,0.085649029,0.523859415,0.038299502,67.06476483
,,,,,,,,,,,,,
Experiment 193,,,,,,,,,,,,,
Path 1,0.929249218,0.809248826,114.7699356,68.59791279,0.191534189,3.684513529,54.11974102,,,,,,
Path 2,0.888998957,0.949248826,1.119248826,44.15762424,122.854948,79.26344872,0.645958013,0.325078879,0.172661871,70.33284548,,,
Path 3,0.529499479,0.929249609,1.089499218,1.189249218,88.97185326,25.18630028,87.86201477,91.64178371,0.75252429,1.286111911,0.661157025,0.597044142,30.65368119
,,,,,,,,,,,,,
Experiment 194,,,,,,,,,,,,,
Path 1,0.968998435,1.109248826,198.0606318,94.33031082,1.644045116,3.702623907,45.69074503,,,,,,
Path 2,0.948998435,1.048997912,1.189248434,7.772564888,55.30023575,70.88840008,0.20926472,0,0,81.68382267,,,
Path 3,0.558998435,0.959248042,0.839248826,1.068997389,73.85766506,0.747680664,81.29131794,33.21349621,5.209125475,0.250701966,0.020106565,0.070387129,41.85983457
,,,,,,,,,,,,,
Experiment 195,,,,,,,,,,,,,
Path 1,0.609248434,0.989248434,65.88947773,153.5708904,4.080267559,4.552699741,31.4506456,,,,,,
Path 2,0.719248826,0.979248434,0.819248434,121.2700605,38.408041,46.4682579,0.238367658,5.046353818,1.419224962,47.64172849,,,
Path 3,0.538997912,0.828998435,1.038998435,0.899248434,90.11983871,39.28136826,79.99968529,26.17669106,7.197330791,2.177709296,0.514543736,0.179438463,31.54383281
,,,,,,,,,,,,,
Experiment 196,,,,,,,,,,,,,
Path 1,0.949011329,1.109258496,102.309227,88.54663372,0.066584229,0.133257186,84.53893528,,,,,,
Path 2,0.769011329,1.149010819,1.129011329,93.05667877,122.308135,81.65955544,1.175234091,0.145025621,2.885360186,52.87184128,,,
Path 3,0.799011329,0.919011329,0.989258496,1.049011329,38.39564323,51.2239933,42.04332829,93.8436985,0.683890578,0.047819434,0.497560042,1.615539956,56.02096841
,,,,,,,,,,,,,
Experiment 197,,,,,,,,,,,,,
Path 1,0.67925117,0.899251948,60.57703495,56.37788773,1.552085317,1.595899023,57.36694753,,,,,,
Path 2,0.80900156,0.839251559,0.899251559,116.2122488,25.81644058,25.82716942,8.642097944,1.413504404,0.341899195,49.35036926,,,
Path 3,0.84925117,1.119002597,1.069002597,0.979002597,18.5573101,97.48315811,4.611968994,63.41862679,0.612147298,0.096237128,0.366053367,0.116020497,72.03737722
,,,,,,,,,,,,,
Experiment 198,,,,,,,,,,,,,
Path 1,0.79925078,1.099001041,13.45324516,112.6567125,4.560570071,1.413638626,41.7132279,,,,,,
Path 2,0.629001041,0.80925117,0.82925117,18.80121231,6.234526634,106.7589521,0.884450785,0.518134715,0.655864198,61.68654148,,,
Path 3,0.73925078,0.88925039,1.03925078,0.81925117,70.24133205,9.675383568,91.54498577,13.37361336,3.728489484,0.585898709,1.188692438,0.090982612,48.8022269
,,,,,,,,,,,,,
Experiment 199,,,,,,,,,,,,,
Path 1,0.93900156,0.85900156,202.6478052,183.9177608,2.843193567,5.971031629,32.55358085,,,,,,
Path 2,0.95925117,0.899251948,0.909251948,17.50671864,125.8645058,22.63152599,2.245053272,1.002335539,0.530816868,57.32202889,,,
Path 3,0.64900156,0.80925117,1.019251559,0.909251559,65.59348106,48.36046696,5.937457085,67.07906723,2.741688957,0.157155486,0.078701426,0.039381707,53.9782225
,,,,,,,,,,,,,
Experiment 200,,,,,,,,,,,,,
Path 1,0.749260401,1.109013361,33.18965435,127.9962063,4.689878234,1.377382972,40.45225508,,,,,,
Path 2,0.599013867,1.099260401,1.099013867,12.94541359,64.41271305,10.80191135,4.271104873,2.073732719,0.331550802,40.01067068,,,
Path 3,0.599013867,1.139260401,1.089013867,0.849013867,44.77500916,77.66258717,19.16825771,20.64108849,0.133613285,3.736620795,2.074853569,1.328061638,31.88579017
