BW1,BW2,BW3,BW4,DL1,DL2,DL3,DL4,PL1,PL2,PL3,PL4,MPSNR
0.5511,0.9419,0.8052,0.4316,260,163,198,107,0.7,1.4,1.4,0.7,69.6151
0.6316,0.7788,1.0345,0.9891,83,112,72,161,0.9,0.5,2,0.6,74.0488
0.4772,1.0077,0.9525,0.4083,236,296,24,88,2.9,1.6,1.4,0.7,64.1338
0.7897,1.1193,1.0948,1.13,248,197,235,150,2.5,2.9,2.6,2.3,34.9144
0.8412,0.6576,0.2287,0.2003,141,206,39,228,1,1.4,1.2,0,33.1206
0.2916,0.2948,0.9494,0.9488,269,39,222,255,2.2,2.8,1.4,2.4,50.3453
0.3432,0.7908,0.8326,0.9336,16,36,9,294,1.3,2,1.7,2.8,52.541
0.5289,0.7903,1.1883,0.8854,95,103,120,157,1.7,1,0.1,2,65.0687
1.0054,0.479,0.2668,1.1262,5,188,137,223,0,2.9,3,1.2,58.5802
0.8064,0.549,0.2725,1.0156,18,193,154,213,1.9,1.8,0.6,1.2,59.1624
0.8949,0.2231,0.6717,0.518,200,291,98,1,2.7,1,1.1,2.5,35.0403
0.4632,0.5467,0.4569,0.9642,285,46,18,220,2.9,0.1,0.6,2.5,59.2771
0.9616,1.1019,0.7305,0.7148,264,275,261,219,2.8,1.5,2.9,2.6,51.6197
1.1916,0.9893,0.3233,0.5047,16,211,21,255,1.4,0.2,2.2,2.6,52.6829
0.3572,0.9431,0.7494,0.7969,1,284,60,272,1.9,0.2,2.2,3,55.9352
1.0042,0.6866,0.6616,0.4283,7,263,61,26,1,1.7,1.1,2.2,59.2553
0.2357,0.7405,0.6122,0.2187,252,37,114,300,2,0.5,2.7,0.2,42.253
0.6557,0.9937,0.8403,0.2889,41,48,267,43,1,1.9,1.6,0,59.8305
0.7985,0.2017,0.7178,1.0026,10,213,39,295,1.5,2.2,3,1.2,29.2092
0.9079,0.4471,0.2056,1.0174,263,90,18,253,1.8,0.8,1.5,1.9,28.7202
0.2772,0.5924,0.9205,0.4949,169,84,213,65,1.4,0.5,2.8,1.5,49.3865
0.765,0.8935,0.9859,0.4105,136,156,177,71,2.1,2.7,3,1.9,56.3185
0.6241,0.661,0.7421,0.8946,110,198,93,81,0.2,1.7,0.7,1.6,63.1535
0.472,0.2967,0.4201,0.2347,66,0,207,34,2.8,0.8,0,2.3,45.6648
1.049,0.387,0.9992,1.191,32,192,181,70,0.4,3,2.3,1,57.0815
0.3832,0.8687,0.7601,0.9493,277,32,256,189,2,0.8,2.9,2.2,47.5676
1.0751,1.0724,0.5267,1.0177,169,181,227,190,1.1,0.1,0.8,2.8,69.754
1.0875,0.3279,0.3918,0.8601,29,167,45,256,0.9,2.6,2.1,1.1,57.4583
1.1722,1.1774,1.1744,0.3432,265,285,288,216,2.7,0.2,1.8,0.1,66.1717
1.0556,0.5184,0.4102,1.0973,55,53,95,132,0.3,0.3,0.6,1.5,75.8314
0.8928,0.7544,0.3598,1.1628,290,61,266,94,1.1,1.2,2.5,1.7,54.4473
0.7616,0.9132,1.075,0.5195,237,234,271,235,2.9,2.4,1,0.2,48.1713
0.5225,0.6122,0.9569,0.5228,250,295,225,77,0.4,2.4,2.6,2.9,50.5459
0.7729,0.8986,0.7893,1.0039,56,292,151,234,0,1.8,2.9,2.4,54.4355
0.383,0.6755,0.8988,0.5646,12,220,205,279,0.9,2.4,1.1,0.9,53.7544
1.0642,0.6245,1.1454,0.8711,192,255,39,85,1.5,1.3,2.6,1.6,57.7011
0.8713,1.1004,0.5113,0.5737,299,49,36,89,2.3,2.7,2.5,0,54.4672
0.9684,0.6456,1.1185,0.9432,118,34,206,65,2.4,0.4,1,0.5,66.2489
0.7819,1.1277,0.5895,0.6851,62,6,184,262,2.8,1.5,1.1,0.6,57.1458
1.0445,1.13,0.5746,0.747,253,31,210,254,0.6,1.5,2.4,2.6,48.4528
0.9507,0.4819,0.4067,0.3564,176,131,295,178,1.8,0.8,2.5,0.7,52.2405
0.9485,1.0706,0.3525,0.6557,172,248,43,79,1,2.2,1.9,0.7,56.2519
0.6818,0.7691,0.312,1.0858,208,251,256,3,1.3,1.7,0.7,1.4,64.1379
1.1719,0.8096,0.2998,0.9993,110,213,151,109,1.6,2.1,1.6,0,57.6212
0.798,0.9387,0.7004,0.8442,65,77,16,59,1.1,1.1,2.9,1.9,55.7888
0.4356,0.8359,0.2302,0.9228,128,154,286,103,0.8,2.3,1.3,0.5,45.9451
0.8975,0.3788,0.4313,0.3661,208,183,259,21,0.5,2.3,2.3,1.5,61.7183
0.6448,0.614,0.9341,0.2521,27,60,80,29,0.3,1.9,2,0.9,51.0967
0.6125,0.653,1.1279,0.3322,298,4,270,172,3,0.8,0,2.1,59.2117
0.6206,0.7555,0.6053,0.4114,233,86,139,188,0.6,2.4,1.1,1.7,57.9647
0.4902,1.1988,0.938,1.0524,293,291,166,156,2.1,1.1,2.5,0.7,51.2137
0.2177,1.1845,0.506,0.7169,166,84,144,34,2,0.4,0.5,2.4,42.2582
0.4351,0.8485,0.341,0.7433,52,56,51,215,2.4,2.4,2.4,2.8,46.82
0.7192,1.1831,0.9736,0.9353,190,134,23,230,1.4,2.4,1.3,2.9,57.0252
1.1135,0.487,1.1157,0.7776,69,97,278,202,1.7,0.7,2.4,0.6,67.429
0.4049,0.8321,1.0466,1.1812,160,22,51,278,2.3,2.2,1.4,1.6,52.4944
0.5556,0.6658,0.2019,0.7429,29,83,293,156,2.7,0.9,1.9,0.4,35.4135
0.9887,1.1572,0.3207,0.3363,290,86,211,293,0.3,0.6,0.8,1.4,67.1473
0.403,0.4602,1.0499,0.7509,151,21,193,86,2.1,0.4,1.3,0.7,69.4031
1.1367,0.2658,0.3609,1.035,295,68,256,81,0.5,1.5,0,2,58.2665
0.2596,1.1864,0.5247,1.0951,32,193,249,279,1.6,0.5,0.7,0.8,59.1897
0.2815,1.1207,0.4614,0.8024,204,235,140,296,2,1.3,2.7,2.6,46.6029
0.4856,0.7505,1.1034,0.2849,14,240,259,121,1.9,2.3,2.3,1.5,52.5761
0.9622,0.5985,0.2014,1.1984,262,27,285,287,2.3,1.5,0.5,2.9,29.2014
0.219,0.8456,1.1281,0.5727,233,128,140,197,1.2,1.5,1.9,1.5,38.1967
0.2067,0.5672,0.9402,1.1107,80,129,58,123,1.4,0.8,1,1,33.3269
0.8346,0.6089,0.2181,0.7351,171,233,34,81,1.4,0,1.1,0.8,39.8651
0.9169,0.5694,0.8362,0.4059,300,258,29,109,1,1.3,2.7,1.4,62.3876
0.9294,0.9187,1.0798,1.1033,175,146,289,71,2.8,2.1,0,1.4,66.9001
1.0293,0.469,0.9765,0.8358,275,269,170,93,0.5,1.2,0.3,0.8,67.6538
0.8828,0.4626,0.6514,0.9446,257,279,72,40,0.4,1.8,1.3,1.4,70.6157
0.2353,1.017,0.7777,0.8194,201,188,235,141,1.7,1.4,0.9,1.2,46.1332
0.9075,0.6147,0.4889,0.9998,78,202,132,75,1,1,1.4,2.5,58.7681
1.0375,0.7489,0.6598,0.3048,89,43,106,18,0.9,2,3,2.9,57.5469
0.2222,0.8686,0.6435,1.0944,36,221,285,99,0.7,2.4,2.6,0.8,32.8695
0.4984,0.2633,0.703,0.2802,76,213,184,290,1,1.2,1.2,1.8,46.1998
0.4953,0.5951,0.4599,0.3887,89,100,162,85,0.6,2.6,0.8,1.2,57.0324
0.679,0.7689,0.315,1.0204,107,142,215,84,0.3,2.4,2.9,1.6,41.6565
0.7584,1.1161,1.1957,0.9096,268,96,58,256,2,2.2,2.2,2.2,46.8642
1.0656,0.2172,1.1385,0.8939,185,203,238,14,2.7,3,1,0.2,32.4701
1.1272,1.0687,1.1987,0.6716,192,28,33,273,2,0.8,1.8,2.2,67.7544
0.3277,0.8194,0.5605,0.7004,45,292,15,37,0.4,2.4,2.4,1.9,59.2623
0.5084,1.165,1.0542,0.3839,298,260,240,120,2.8,2.9,0,0.1,50.3817
1.0499,0.5617,0.3933,0.7209,180,164,203,65,1.6,2,1,0.6,54.9627
0.8916,0.842,0.8505,1.1905,278,251,24,218,0,1.8,1.5,2.8,55.1778
0.4473,0.477,0.9218,1.0937,16,278,206,194,1.3,1.3,1.1,1,63.9067
0.2201,0.8747,0.6558,0.2918,109,38,94,94,2.5,0.5,2.7,2.2,30.8752
0.8599,0.675,0.9832,1.1657,249,183,159,166,2.1,2.2,2.5,2,50.0994
1.1465,0.7933,0.4059,0.9785,179,242,142,12,1.1,2.4,2.2,0.8,51.1215
0.3422,0.4789,0.3202,0.6606,264,153,31,59,0.3,1.6,2.9,2.4,50.5314
1.029,0.6599,0.6157,0.7819,175,192,229,54,1.4,2.2,1.3,1.3,58.8358
0.717,1.0658,0.4502,1.0425,200,253,107,281,2.6,2.8,2.5,0,53.7757
0.7772,0.8257,0.6792,0.6465,176,137,20,208,2.2,1.9,0.7,1.3,55.0299
0.7525,1.1611,0.5174,0.5724,246,45,267,131,0.9,2.1,1.3,2.7,51.2793
1.1502,0.2004,0.6335,0.9432,245,6,113,7,2.1,1.5,1.3,2.3,24.8147
0.7698,0.7305,0.315,0.2566,94,155,184,296,1.1,0.8,2.1,0.2,48.1547
0.5436,1.3662,0.2467,0.5079,65,148,147,115,0.2,0.5,0,1.1,57.7904
1.432,0.2624,0.4905,0.4647,67,51,29,61,0.4,0.3,0,0.3,67.8169
1.0461,1.1672,0.7327,0.5669,174,159,123,36,0.8,1.1,0.5,1.2,67.0034
1.308,0.6685,0.7466,0.4739,148,81,61,38,1.3,1,0.5,0.1,75.6252
1.1877,0.6267,0.9121,1.3937,149,1,129,58,1.3,0.1,1.8,0.5,73.2821
0.7597,0.3995,0.7675,0.9475,5,111,123,153,0.7,0.4,0.4,1.4,69.7711
1.3447,0.404,0.918,0.4667,154,102,46,4,1,0.1,0.2,1.6,68.7285
0.9068,0.9614,0.751,0.9876,144,76,27,126,0.6,0.8,1.5,0.2,79.2185
0.2991,0.4875,0.2166,0.8841,145,133,190,80,1.1,1.4,0.3,0.9,41.9203
0.879,0.3676,0.4792,0.5639,97,24,40,57,1.4,1.9,0.1,1.5,53.1865
1.4549,0.8409,0.5881,1.4485,109,63,186,82,0.7,1.2,2,1.9,46.1563
1.0635,0.4453,0.3115,1.0072,92,23,148,194,0.2,1.6,2,1.1,66.4718
1.2541,0.4381,0.6096,1.1696,51,188,25,147,1.9,0.8,0.3,1.9,71.1328
0.7142,0.9259,0.6416,0.3824,75,172,196,163,1.9,1.4,1.1,2,62.5164
0.2668,1.0312,0.4955,0.3578,167,139,103,137,1.1,1.9,0.8,0.9,58.7823
0.8127,0.6682,1.2948,1.3546,139,29,156,98,0,0.9,0.9,0.6,80.6513
0.7198,0.3269,0.3051,0.784,165,186,163,32,0,1.1,1.1,1.1,77.345
1.1871,0.6945,0.8129,0.4104,167,149,198,160,1.9,0.5,1.9,0,67.2384
0.7932,0.2633,0.9016,1.3,195,90,26,52,0.6,1.2,0.7,0.7,49.8624
0.3356,1.0039,0.829,0.7091,75,151,145,197,0.7,1.7,0.3,0,55.7475
0.2147,1.0228,1.2803,0.408,165,191,137,119,1,2,0.5,1.4,36.8356
0.2023,1.1055,1.3855,1.193,119,142,32,135,1.1,0.5,1.1,0.2,39.653
0.8516,0.6343,1.4534,1.1156,99,83,176,93,1.1,0.4,0.8,0.9,68.3264
0.4724,1.2378,0.6904,0.6343,70,76,68,197,1,1.8,0.9,1.2,62.1902
0.7938,1.2847,1.0367,0.9538,57,88,162,7,1.3,0,1.3,1.9,58.859
1.0614,0.9122,1.1593,0.6338,183,156,111,66,0.6,0.6,1.5,1.5,50.9078
0.289,0.7888,0.5612,1.255,80,183,196,119,1.8,1.9,0,1.9,59.2106
0.2233,0.7334,0.669,0.7623,136,78,180,89,1.3,1.8,0.6,1.1,41.3615
0.3164,1.0643,0.8528,1.2526,53,192,63,161,1.6,1.5,0.8,1,69.1569
0.2806,1.1213,1.1503,1.0609,188,107,184,120,0.4,1,1.9,1.9,52.121
0.3388,1.2977,1.1369,1.1205,101,157,102,22,1.2,0.9,1.9,2,58.8703
1.2989,0.6783,1.4789,0.9466,138,145,42,186,1.1,0.6,1.2,0.3,84.9951
0.7497,0.5076,0.2593,0.8879,18,48,90,173,1.9,0.3,0.3,1.3,56.6373
0.2441,0.7227,1.3738,0.5574,103,66,28,65,0.5,0.4,1.5,1,47.3432
1.3076,0.2895,0.5889,0.709,68,99,169,135,0.3,1.8,0.6,0.5,69.0855
1.2222,0.5031,1.2076,1.3481,139,185,179,176,0.7,0.1,1,1.5,66.7509
1.2696,0.6058,0.5146,0.5693,22,28,151,76,0.4,2,1.6,1.3,69.836
0.8776,1.4556,0.2028,0.5867,25,162,149,150,0.7,0.8,1.2,1.8,43.4426
1.2046,1.3779,1.2125,1.2148,100,46,99,72,1,1.8,2,0.5,61.3286
0.8021,0.3704,1.0094,0.8392,21,71,186,149,0.6,0.9,1.5,0.2,67.0743
1.4205,0.9497,0.4942,1.3695,135,11,102,4,0.2,1.7,2,0.6,66.6007
1.1254,1.0905,0.8071,0.3171,148,199,143,146,0.3,1.4,1.4,0,73.26
1.0853,0.2394,0.2682,0.5377,63,52,110,39,1,0,2,1.9,44.8391
1.0283,1.3706,1.2548,0.8689,19,166,133,117,2,1.5,1.9,0.5,57.5832
0.4299,0.4271,0.7266,0.9437,159,72,159,151,1.9,0,0.3,2,51.1153
0.4016,0.5754,0.2838,0.583,46,182,11,198,1.1,0.1,1,1.8,62.2816
0.7529,0.9425,0.5402,0.5523,127,100,69,136,0,1.1,0.3,2,72.7756
1.1197,0.8777,0.6029,0.271,162,13,103,179,0.6,1.3,0.4,0.5,55.9642
0.5417,1.2994,0.6151,0.6951,6,162,11,98,1.7,0.9,0.8,1.6,63.6969
0.3341,0.8437,1.4688,0.8591,89,160,52,55,0,0.6,0.3,1.4,78.1213
0.6317,0.5441,0.3811,0.3438,118,97,190,64,0.9,0,0.7,0.6,67.3834
0.5672,1.0958,1.3447,0.6893,85,66,190,181,1.6,1.2,1.3,1.1,71.6537
0.922,0.2447,0.2481,0.479,144,197,166,186,2,1.7,1.9,1.3,36.7817
0.9644,0.409,0.8462,0.2147,24,114,181,66,1.4,0.3,0.9,0.1,44.9567
0.349,0.7387,0.699,1.2745,64,181,194,59,1.2,1.4,2,1.8,58.331
1.323,0.2529,0.2862,1.2224,15,79,189,150,1.7,1.7,1.2,0.2,53.2439
0.5423,0.7141,0.7867,0.9074,53,23,88,75,1.8,0.5,0,1,73.2229
0.667,0.5965,1.4963,1.4857,157,143,150,168,1.3,1.9,2,0.9,62.6114
0.4427,0.4998,0.2901,1.2537,86,79,153,55,0.3,0.3,1.9,1.6,60.5506
1.1006,1.2144,0.2779,1.0609,164,173,149,72,0.8,0.2,1.5,0.9,69.7145
0.4001,1.0905,1.0796,0.7353,90,72,152,80,0.3,0.2,0.3,0.7,79.2006
0.4175,0.5828,0.9184,0.6337,177,34,136,4,1.4,1.2,0.2,1.7,65.2544
1.297,0.3909,0.7365,1.303,172,72,163,169,0.1,0.3,0.3,1.6,56.9978
0.7469,1.0003,0.8194,1.2629,146,80,72,57,0.7,1.8,0.1,1,77.3235
0.299,1.4176,1.2452,0.614,64,77,77,170,1.6,0.2,0.4,0.9,68.2076
1.092,0.7728,1.2297,0.6615,175,68,129,110,0.6,0.2,1.7,0.5,78.0063
1.1771,1.0949,0.4409,1.3078,38,56,117,178,0.8,1.5,1.9,1.3,59.6249
0.8437,0.2604,1.3789,1.2462,57,124,114,33,0.3,0.6,1.4,0.8,55.6472
0.8817,0.6445,0.21,1.328,23,199,183,122,0.5,0.7,1.3,1.5,39.9438
0.693,0.5533,1.4085,0.3389,36,115,85,105,1.8,0.5,1.3,2,53.5617
1.0821,0.3483,0.2117,1.1163,130,81,18,43,1.1,1.5,1.3,0.8,46.208
0.8533,0.8001,0.6607,0.5227,134,106,48,41,1.7,1.4,0.5,0.7,56.8402
0.5508,1.0611,0.6546,0.7843,161,147,21,179,0.8,1.2,0.5,0.3,75.538
0.6894,1.4854,0.9114,0.8065,47,110,77,69,2,1.3,0.9,1.8,57.9103
0.5577,0.6846,1.2014,1.3772,85,183,39,47,1.4,0.2,0.1,0.5,77.364
1.0926,0.2544,1.139,0.2168,18,95,145,44,1.2,0.2,0.1,1.8,39.0298
0.6002,1.1572,0.6456,1.4822,36,50,31,72,1.9,0.7,0.3,1.6,61.5083
1.1908,1.2782,0.9705,0.2593,6,159,57,31,0.9,0.8,0.4,1,60.1985
0.574,1.0734,0.5962,0.4407,161,172,197,43,1.5,0.1,0.3,1.4,70.6367
0.977,0.3707,0.8009,0.9729,186,74,92,49,0.9,0.5,0,0.1,83.8176
1.4741,1.0007,0.6403,0.2752,182,28,187,188,1.9,1.8,1.1,1.8,50.0556
0.2682,0.6689,1.1236,0.8594,31,108,148,183,1.3,0,0.9,1.7,53.7437
0.3687,0.615,0.9326,1.1774,77,173,71,185,1.6,0.9,0.7,0,72.7555
1.4817,1.4866,0.9545,1.2893,63,79,166,4,0.4,1.7,2,1.8,69.8228
1.179,0.316,1.473,0.5345,151,43,11,13,1.3,0.6,0.8,1.4,60.9949
1.2897,0.3256,1.2802,0.2052,43,149,144,80,0.9,0.8,1.5,0.4,34.266
0.617,0.8908,0.9619,0.9416,78,61,107,179,1.5,0.9,1.9,1.9,59.4693
1.4161,0.6858,1.3439,1.3142,174,146,183,87,0.4,0,0,2,69.5589
1.0162,1.2087,0.4876,0.9939,136,152,180,4,0.9,1.5,1.9,1.8,50.1308
0.2423,0.7089,0.2184,0.2842,186,114,58,150,0.1,2,1.3,1.2,40.0802
1.4378,1.1928,0.4756,0.6111,118,63,61,169,0.9,0.9,1.1,0.5,70.5957
0.9956,1.449,0.6305,0.2874,110,64,70,121,0,1.5,1.4,1.5,64.0463
0.9078,1.1284,1.4854,0.5806,162,135,17,16,2,1.8,0,0.1,60.2082
1.0577,1.4041,0.5291,0.4912,127,155,109,44,0.3,0.3,0.7,1.9,80.349
1.1528,1.092,0.4836,0.4461,45,74,96,109,1.3,1.1,0,2.9,62.0085
0.2738,1.0076,0.5218,1.0172,186,187,192,133,0.1,1.6,2.7,0.5,57.3269
1.1933,0.9964,1.175,0.7695,143,29,60,30,0.2,0.3,0.5,0.6,82.5474
0.7831,0.9852,1.1603,0.8641,24,136,114,173,1.1,2,1.2,0.5,62.2231
1.1426,0.3831,0.3814,0.47,104,131,102,187,0,1.5,2.8,1.5,63.9252
0.3409,1.0602,1.1546,0.5564,157,32,105,178,2,0.5,2.1,2.4,57.5031
0.9157,0.8887,0.6625,1.0519,188,74,68,106,0.7,0.8,1.2,0.5,83.7147
0.811,0.4758,0.4641,1.1883,188,167,175,104,0.5,1,2,1.8,61.066
0.4329,0.258,1.0569,0.9543,13,166,0,24,1.4,0.9,0.2,0,55.4814
1.001,0.3416,1.1282,0.7434,32,184,8,66,0.4,0.7,0.7,2.7,68.908
0.9509,0.2616,0.8536,1.1529,84,186,96,149,1.6,1.6,2.4,0.9,47.8055
0.4706,0.6194,1.1196,1.1075,72,129,121,78,0.2,1.1,0.2,3,69.9882
0.8287,0.9602,0.4232,0.8948,137,91,118,73,0.8,0.7,2.2,2.5,52.0174
1.0683,0.8277,0.9287,0.62,68,108,73,42,1.6,1.6,2.9,1.5,56.6063
0.7811,0.985,0.3584,1.0626,183,7,62,133,1.6,1.8,0.9,0.2,73.5728
0.8184,0.8382,0.3623,0.5619,0,141,200,40,1.2,1.9,2.4,1.8,65.5227
0.8671,1.0815,0.3636,0.2654,7,75,29,3,1.4,0.4,2.8,0.5,53.7435
0.4657,0.8079,0.2974,0.2404,138,124,1,177,1.7,2,2.7,2.2,40.7715
0.613,0.6604,0.293,1.0021,54,133,183,147,1,1.4,0.5,1.1,62.0944
1.0719,1.0463,0.5504,0.9115,39,33,174,18,1.7,1.4,0.5,0.7,73.6024
0.8866,1.0983,0.9355,0.7078,200,67,3,156,1.3,0.6,0.9,1.3,77.8456
0.819,1.1708,0.3497,0.2366,142,180,110,109,0.7,0.3,0.1,1.3,55.2836
0.282,0.6181,0.8405,1.0143,121,83,72,65,1.3,1.9,2.7,3,38.972
0.8871,0.7715,0.3976,0.8098,9,31,54,113,0.9,1.5,0,0,79.336
0.5684,0.3878,0.347,0.728,59,179,76,34,0.6,0.9,0.5,0.5,73.44
1.1656,0.9387,0.3624,0.2296,45,185,19,64,1.4,1,2,1.8,45.6355
1.1064,0.7309,0.6343,0.4449,46,61,105,92,0.8,1.6,2.5,2.6,47.0843
0.45,0.7384,0.9377,0.9372,194,7,63,33,1.1,1.9,1.1,1.9,58.8986
1.0245,0.2518,0.3139,0.981,1,5,64,71,2,1.4,1.9,0.7,52.0883
0.2543,0.7618,0.7484,0.7446,141,156,189,200,1.4,0.8,2.7,1,46.6315
0.3111,0.9159,0.7347,0.7979,78,35,58,5,1.5,1,0.7,2.2,68.4707
1.0609,0.3209,0.4208,0.2025,41,116,177,156,0.7,0.5,1.9,1.7,38.8253
0.735,0.5314,0.2581,0.7548,157,89,63,187,0.8,0,2.9,0.1,59.8617
0.3543,0.2733,0.9703,1.1395,185,1,161,109,0.6,1.6,1.1,0.9,48.6476
0.5157,0.4832,1.0673,0.9491,129,84,25,175,0.8,1.8,0.6,2.9,51.7532
0.3786,1.1504,0.7158,0.956,178,131,122,137,0.9,1.2,1.7,2.7,61.2589
0.9514,1.1494,0.9671,0.9268,12,0,109,118,0.4,0.1,1.2,0.2,85.1986
0.669,0.9833,1.1782,0.8659,113,69,157,173,1.5,1.9,1.1,0.2,64.0701
1.1187,1.0655,0.404,0.8346,109,73,111,200,0.1,0.4,2.1,0.1,77.4347
0.6184,0.6606,1.0268,0.6185,130,171,67,29,0.2,0.1,1.5,2.1,59.5225
1.1123,0.9798,0.4763,0.2098,44,71,103,168,1.1,0,1,2.9,30.8322
0.2845,0.4004,0.5782,1.0413,120,29,170,138,1.7,0.4,2.9,3,51.7314
1.0346,0.8226,0.9209,0.8453,14,45,73,44,1.2,1.7,2.8,2.3,44.786
0.9662,0.5865,0.4977,0.9427,47,137,187,186,0.8,0.4,1.8,2.2,63.4232
0.8747,0.3033,1.0653,0.35,57,99,176,90,1.2,1.2,0.5,1,69.2827
1.1625,0.3219,0.9629,0.3699,0,72,65,103,1.5,0.8,2.8,2.8,53.1767
0.5113,0.9378,1.075,0.7429,26,77,168,40,1.8,1.5,1.5,1.4,56.2586
0.2703,0.5399,0.4561,1.1949,69,158,72,75,2,0.7,0.3,0.5,69.0215
0.5906,0.2538,0.4184,1.0051,93,179,67,178,1.9,1.4,0.4,0.9,49.609
0.4565,0.5709,0.9378,0.315,49,58,51,37,1.5,1.6,2.5,3,55.0753
0.5864,0.8272,0.812,0.5476,25,18,80,121,1.5,1.3,2.2,1.4,67.4893
0.7985,0.4439,0.6231,0.4501,143,87,8,70,1.5,1.5,2.7,1.2,58.9499
1.0018,0.9427,0.7324,0.8476,199,165,146,7,0.6,1,1.5,0.2,72.8826
0.7359,0.3525,0.8047,0.6926,64,85,195,190,1.7,1.8,2.5,1.1,58.5078
0.5177,0.3299,1.1883,0.2944,166,36,111,174,0.9,0.8,2.6,0.7,64.1792
0.6024,0.2857,0.808,1.1602,30,167,109,69,1.1,0.6,0.4,0.2,74.5799
1.1737,0.7045,0.6426,0.7211,83,76,124,150,0.1,0.8,0.7,3,60.9569
1.1291,1.1528,1.0677,0.9291,183,49,147,68,1.4,1.8,0.8,1.3,65.4762
1.1838,0.3156,0.7908,0.9967,92,80,52,144,0,0.5,1.1,2.2,68.7463
0.3616,0.3378,0.8507,0.4205,188,108,185,45,0.7,1.2,1.4,0.9,62.3799
1.1935,1.1172,1.1941,0.3866,101,42,139,159,1.7,1.3,1.5,1.3,56.0495
0.9089,1.0457,0.7089,0.7758,18,66,175,177,1.1,0.5,1.3,1.6,59.0101
0.6564,0.6534,0.8893,0.4304,196,193,153,115,1.2,1.7,2.3,2.9,52.516
0.6263,1.1183,0.8462,0.2432,53,7,5,175,0.3,1.6,2.4,2.4,47.6141
0.5592,0.4946,0.8777,0.4428,145,155,113,108,0.4,1.1,1.7,0.4,79.8563
0.381,0.5301,0.6432,0.6263,35,155,92,145,1.1,1.3,0.2,1.8,67.1612
0.2985,1.0483,0.8319,0.3258,160,72,22,87,0.8,1.6,2.7,1.9,44.935
0.84,1.0524,0.3322,1.1338,115,99,135,13,1.2,1.1,2.2,2.7,57.0504
0.7551,0.9475,0.899,0.6678,73,178,123,145,0.4,1,2.4,1,67.3892
0.9852,0.7977,1.0666,0.5501,95,161,78,112,0.4,0.7,0.1,0.2,82.1115
0.3937,0.3028,0.9416,0.9214,27,164,53,2,0.5,1.7,2.7,2.1,60.6934
0.8544,0.3448,0.3277,0.6669,155,87,40,49,1.5,0.2,1.6,1.2,69.5483
0.5863,0.8576,1.147,0.7681,92,173,15,121,1.7,1.7,1.7,0.3,62.3889
0.2651,1.1824,0.5152,1.0051,160,76,76,86,0.3,1.3,3,0,54.8379
0.4843,1.1161,0.7296,0.6774,130,197,125,165,1,1.5,2.8,0.2,56.6089
0.2944,0.4939,0.5646,0.773,138,43,114,86,0.9,0.9,2.7,1.7,55.2478
0.4055,0.4362,0.9493,0.4431,118,121,115,91,1.4,1.9,2.8,1.1,60.4058
1.1829,0.5621,0.6967,1.1048,68,186,5,6,1,0.6,2.8,1.7,65.324
0.9125,1.1036,0.9131,1.079,200,91,188,7,0.9,2,0.3,1.7,67.3332
0.8841,1.0914,0.4917,0.7974,107,21,53,102,0.2,1.5,0.2,0.8,82.8577
0.4998,0.2031,0.6922,0.6303,194,64,25,103,0.5,1.6,2.3,2.5,26.5948
0.631,0.4423,0.8243,0.5871,155,185,66,87,1.3,0.7,2.2,2.9,56.0473
0.4516,0.7495,0.8691,0.3464,41,33,75,183,1.5,1.4,0.7,0.6,63.0238
0.8139,0.3805,0.7195,0.8881,171,24,11,68,0.3,1.8,2.8,0.9,61.4605
0.9356,1.0581,1.0789,0.2694,178,191,160,34,1.4,1.7,1.6,2.2,32.7981
1.0848,0.2297,0.4157,0.2304,44,169,156,32,0.7,0.5,0,0.3,53.342
0.6657,1.0893,0.7163,0.9669,2,98,158,8,1.3,0.8,2.8,2.1,67.6163
0.3224,0.6001,0.6015,1.0061,9,110,14,77,0.4,1.5,0,2.8,67.5307
0.7358,0.2855,0.2813,0.2382,16,34,98,180,1,1.4,1.6,2,44.6919
0.6295,0.7565,0.9078,1.1845,41,190,8,133,1.6,0.5,2.4,1.3,57.1324
0.3282,0.3108,0.7778,0.9786,176,157,95,146,1.7,0,1.3,2.4,66.8051
0.6696,0.8139,0.418,0.6662,144,129,171,111,1.7,2,1.8,2.3,62.4308
0.7378,0.2639,0.645,0.2457,44,172,65,29,0.8,0.9,0.7,2.7,47.1472
1.048,1.0472,0.441,0.4037,122,58,22,30,1.4,1.4,1.6,0.9,58.7079
0.9801,0.6951,0.6125,1.1951,16,113,191,106,1.2,1.3,2.5,1,58.9635
0.962,0.247,0.6079,0.7359,92,164,173,170,0.1,1.5,2.2,0.3,48.3844
1.0547,0.9774,1.0896,0.9288,5,46,102,113,1.7,0.7,3,1.1,52.1426
0.6881,0.8009,0.479,0.7928,16,18,18,46,1.8,1.4,0,1.4,60.1742
0.58,1.1094,0.862,1.0113,93,134,181,150,0.3,0.2,0.2,1.5,79.5542
0.5784,1.1349,0.9778,0.6357,186,106,64,141,0.9,2,1.8,0.9,62.748
0.6478,0.4714,0.6872,0.212,52,52,108,12,1.5,0.9,1.3,1.6,33.4057
0.7156,0.3406,0.5348,0.6081,157,27,117,36,0.7,1.6,0,1.6,69.1494
1.0678,0.2915,0.6788,0.4835,44,73,74,121,1.3,1.5,1.9,0.7,53.4246
0.4146,0.771,1.097,1.059,35,94,149,153,0.1,0.5,1.5,0.1,73.053
1.0171,1.1857,0.4912,1.0486,83,169,50,25,0.2,0.1,1.4,0.7,77.1488
1.1442,0.524,0.9651,0.2483,75,6,94,113,0.1,1.1,2.2,2.4,51.2261
0.6029,0.3839,1.0747,1.1776,19,197,158,97,1.7,1.6,1.1,1.7,50.3664
1.1747,0.2112,0.3434,0.3413,184,77,127,77,1.1,0.5,0.6,2.5,39.7393
0.3649,0.2848,0.642,0.6434,69,23,8,149,1.8,1.3,1.6,2.9,43.6374
1.0311,1.0099,0.6088,0.2928,175,24,99,40,0.3,1.8,0.8,2.3,59.7566
0.4591,0.9712,0.8709,0.6642,140,124,53,111,0.1,0.3,1.8,2.4,61.8355
0.9532,0.8961,0.2691,0.6445,95,193,109,176,0.8,0.1,2.3,0.8,61.4879
0.8977,0.4522,0.9205,1.0928,2,56,49,97,1.7,0.4,1.1,1.8,68.1413
0.8551,0.2399,0.9165,0.4985,176,8,17,199,0.1,1.8,1.5,1.8,39.9011
0.7347,0.2347,0.7548,1.1769,77,86,153,190,1,2,0.4,1.4,41.3144
1.1839,0.8986,0.6055,0.2289,85,89,124,167,1,1.7,2.8,2.9,43.5821
0.3475,0.7256,0.3452,0.5586,5,200,129,114,0.3,1,2.8,1.3,63.8338
0.9957,0.5152,0.6594,0.2057,89,77,44,199,1.2,1.3,0.5,3,34.3078
0.2741,0.5387,0.865,0.7953,56,137,118,134,0.8,0.7,0.1,2.1,52.2173
0.4278,0.2261,0.9788,0.6929,125,109,158,178,0.6,1.4,2.1,1.7,40.4368
0.6593,0.8916,0.3817,1.1604,181,144,121,194,1.9,0.7,0.4,1.5,56.0205
1.0191,1.1263,0.3662,0.548,123,198,117,82,0.9,0.1,0.3,1.4,71.1822
0.3431,0.8832,1.1724,0.6061,196,107,28,68,1.5,0.1,2.9,1.2,55.5804
0.5437,0.376,0.7912,0.7388,174,189,34,64,0.4,0.3,0.6,2.6,66.0503
0.3561,0.4703,0.6418,1.0673,78,2,7,109,0.2,2,0.8,0.9,70.7058
0.5893,0.5089,0.6057,0.6211,56,107,69,147,0.1,0.9,0.9,2,71.4757
0.8344,0.9375,0.388,1.0819,61,149,21,134,1.5,0.6,2,1.2,62.4066
0.271,0.5063,0.8292,0.6287,88,176,194,16,1.1,1.9,2.5,2.6,46.7311
0.4528,0.5794,0.318,0.7697,21,83,120,194,1.3,0.3,0.1,2.1,74.9068
1.0817,1.1897,0.8158,0.7463,40,116,131,148,0.7,1.3,0.9,1.2,61.3581
0.9276,0.9105,0.7814,0.6314,63,7,110,49,1.4,1.5,1.4,2.9,51.8198
0.3017,0.4544,0.7142,0.6279,29,116,150,178,0.6,1.1,2,2,44.6492
0.7176,0.9763,0.644,1.1367,116,64,192,62,1.8,1.6,2.2,2.6,50.1935
0.7559,0.3965,0.4827,0.9597,66,182,173,188,1.5,1.8,0.3,1.6,58.3102
0.9141,0.7186,1.1676,0.6981,103,6,117,90,0,2,1.8,1.6,70.6936
0.5724,0.5653,0.4962,1.0952,14,3,123,3,0.9,1.6,1.6,1.7,60.2392
0.4789,0.5297,0.5752,0.7689,195,147,59,97,0.2,1.6,2.3,1.1,63.7517
0.943,0.638,0.9926,0.3516,164,200,136,20,1,1.4,0.9,1.3,61.2297
0.9782,0.8069,0.948,0.4969,15,35,60,12,1.7,0.1,2,1.4,60.1856
0.3577,0.8132,0.546,1.0759,64,51,46,142,1,0.6,1.8,1.1,76.0682
0.8685,0.3278,0.8791,0.828,23,72,102,100,0.5,1.9,1.3,0,69.2666
0.72,0.3297,0.573,0.7267,94,166,4,23,0.7,0.8,2.8,1.5,63.5206
0.292,0.2762,0.828,1.0274,18,92,183,121,0.8,2,0.6,1.1,49.4431
0.787,0.8018,0.6948,0.4277,196,115,7,73,0.4,1.4,2.1,2.2,56.4874
0.6041,1.1385,0.595,0.8993,3,75,124,122,1.5,1.8,1.2,2.8,63.7731
0.8533,0.5932,0.8446,0.7886,115,180,123,34,0.1,1.4,1.8,2.9,62.8138
0.822,1.1292,0.3515,1.0069,125,132,44,24,1.6,2,2.1,2.5,54.0035
0.6159,0.2844,0.3272,1.0221,136,196,200,128,1.9,1.7,2.5,2.4,43.8584
0.7884,0.2019,0.5237,1.0971,40,97,17,155,0.6,1.3,1.5,0.4,34.2691
0.8335,1.1736,0.8459,0.2568,151,14,130,10,0.1,1.5,1.1,0.2,62.2698
0.8994,0.7781,0.8578,1.1942,5,184,104,143,0.4,0.1,1.8,0.2,75.8626
1.1343,0.4248,0.8221,0.8178,154,168,77,91,1.6,1.3,2.1,2.7,57.7397
0.8259,0.7077,1.0843,0.7076,148,75,48,98,0,0.5,0.8,1.1,78.8091
1.0412,0.8991,0.3555,0.732,141,81,8,136,0.1,0.7,0.7,2,71.5486
0.7539,0.6383,0.3361,0.3056,169,144,97,123,1.7,0.9,1.8,0.6,62.5094
0.568,0.2049,0.324,0.3601,54,22,37,94,0.7,1.9,2.3,2.3,29.4782
0.9015,0.6387,0.2702,0.3992,153,26,69,173,0.8,0.1,1.2,1.2,52.83
0.3623,0.917,0.8254,1.0258,6,130,8,150,1.3,1.6,2.3,1.7,63.0958
0.5127,0.4781,0.596,0.5081,31,102,168,18,0.9,0.9,2.8,2.6,58.1258
0.3616,1.1529,0.7435,1.0938,176,4,165,149,0.5,0.7,2,2.7,64.9092
0.9263,0.9477,0.3123,0.5843,175,138,140,122,0.5,0.1,0,0.7,77.599
0.4091,0.8489,1.1253,0.2513,79,84,67,86,1.2,0.7,0,1.9,56.067
0.4873,1.1216,0.3478,0.2536,47,128,91,13,1.1,0,0.7,0.2,57.3422
0.9748,0.9343,1.0781,0.5014,194,200,28,122,0.4,0.1,1.1,0.6,81.8449
0.3666,0.6191,0.9532,0.5059,178,109,53,156,0,0.8,2.1,0.5,55.8815
0.8629,0.7083,1.1142,0.3269,145,136,98,164,2,1.6,1.4,0,66.2551
0.8003,0.5159,0.7314,0.2021,35,87,159,141,1.4,0.3,0.2,1.4,38.3591
0.6452,1.0463,0.3655,0.7408,112,54,26,6,1.9,0.7,2.7,0,59.3231
0.5493,1.1419,1.164,1.0595,81,133,129,130,0.3,0.8,0.3,1.2,83.1149
0.5644,0.6856,0.325,0.275,105,180,117,61,0.1,1.4,0.6,1.4,62.2499
1.1168,0.8427,0.8499,0.8038,166,67,41,118,1.2,0,2.7,2.3,58.474
0.3409,0.5328,0.7058,0.2419,173,116,39,48,1.4,2,2.5,0.1,45.2887
0.5381,0.3494,0.637,0.6132,62,67,66,65,0.2,2,0.5,0.1,67.624
0.3193,0.2017,1.0774,0.8197,158,177,30,186,1.9,1.2,2.8,1.1,27.3257
0.6534,0.9566,0.8352,0.7627,90,133,155,4,1.3,0.7,2.9,0.7,58.6348
0.5024,0.5471,0.5515,0.5723,1,49,82,68,1.8,1.1,1.5,1.8,66.9469
0.7415,0.4849,0.8019,0.832,146,123,129,183,1.4,0.4,1.9,1.7,64.9765
1.1417,0.3322,0.619,1.1515,189,1,56,88,2,1.3,0.6,0.4,58.9133
1.1495,0.3316,0.7909,0.4041,193,79,140,3,0.6,1.7,0.6,0.6,71.8078
0.7898,0.989,0.3054,0.9622,79,50,72,139,1.1,1.3,2.3,2.2,60.018
1.1892,0.5262,0.9009,1.0436,193,197,78,74,1.4,1.6,0.2,2.4,62.0763
0.3744,0.4445,0.8254,0.4983,89,60,140,73,1.1,0.2,2.5,0.9,66.7817
0.6205,0.4948,0.7913,0.9243,94,169,66,170,1.3,1,2.9,0.1,63.1028
0.3561,0.4994,0.6708,0.4142,81,66,86,96,1.4,0.1,1.4,1.9,62.5681
0.5247,0.5368,1.1852,0.5537,122,45,168,53,0.4,0.7,1.3,1.1,79.0822
0.6619,0.7649,0.5745,1.1005,57,72,100,103,0,0.2,0.7,1.1,78.7843
0.8979,0.9786,0.9767,1.1009,88,145,44,4,0.5,1.2,0,1.9,79.6589
0.5568,0.2918,0.8894,0.3639,75,49,114,156,0,0.9,3,1.8,50.7406
0.4793,0.3808,1.0626,0.3605,53,72,95,73,0.2,1.3,0.3,1.3,69.7942
0.5142,0.8319,1.1876,0.7261,8,181,145,60,0.1,1.4,0.1,2.7,64.9758
0.5972,0.6992,1.3119,0.4469,67,153,98,82,0.2,1.7,0.8,0.6,76.2741
0.5512,1.2017,0.9493,0.6426,11,131,39,77,0.4,0.9,0.7,0.2,79.3988
1.2164,0.7578,0.3697,1.1271,81,113,11,20,0.2,0,0.2,2,69.2611
0.6961,0.3764,0.8805,0.9241,31,186,64,91,0.2,1.9,0.7,1.6,62.0644
1.1403,0.9283,0.4841,1.3144,86,43,87,19,0.5,0.7,0.1,2.6,73.2042
0.9755,0.8989,0.6272,0.4039,10,178,16,42,0.5,0.1,0,2.9,74.3572
0.6384,0.4262,1.346,1.2448,93,47,93,14,0.8,1.3,0.4,2,64.4805
1.3199,0.3088,0.5484,0.4683,4,136,44,9,0.5,0.4,0.9,0.3,73.8315
0.9331,1.1305,0.8293,0.3268,92,137,51,55,1,0.4,0.6,1.1,66.7794
0.2872,1.0462,0.5745,0.4297,33,135,35,26,0.8,0.1,0.1,0.2,74.6056
0.7961,1.346,1.2025,0.8005,39,1,15,10,1,1.9,0,2,65.0899
0.3273,0.4949,1.3272,1.3283,72,97,16,72,0.5,0.3,0.8,0.9,76.1033
1.3587,1.1905,0.8543,0.6641,23,190,9,64,0.4,0.7,0.5,0.3,83.5978
1.0294,0.3871,1.3205,0.6365,93,45,27,40,0.8,1.2,0.3,2.8,70.7432
1.068,0.3072,0.4001,1.2127,82,181,27,95,0.5,0.5,0.9,2.9,56.8443
0.7691,1.0797,0.6819,0.6426,30,136,31,63,1,0.7,0.6,1.3,72.7685
0.2929,0.9573,1.0788,0.9054,50,82,79,14,0.1,1,0,0.1,81.4083
0.6668,1.2246,1.3959,0.7472,30,67,89,15,0.3,0.7,0.7,1.9,85.0695
0.8676,0.4353,0.9664,0.5578,46,21,25,14,0.9,0.5,0.2,0.8,77.4818
1.3118,0.8113,0.6621,0.4207,47,102,9,9,0,0.7,0.8,0.2,75.2132
1.2886,0.3593,1.2426,1.3979,82,192,68,25,0.7,1.9,0.8,0,72.3994
1.2225,0.3369,0.9801,1.2641,48,159,6,65,0.9,0.8,0.3,3,68.9131
0.3874,0.8483,0.9758,1.2012,48,126,30,77,1,0,0.5,1.5,77.1308
0.349,0.2216,1.2068,1.1081,87,130,79,54,0.9,0.2,0.8,2.8,37.5094
0.3178,0.5108,0.3186,1.0384,49,68,63,6,1,0.1,0.2,1,72.4664
1.365,0.6344,1.2687,0.4016,86,75,36,58,0.2,1.4,0.2,2.1,75.0777
1.17,0.2601,0.3037,1.2572,96,11,39,63,0.4,0,0.1,2.8,56.5947
1.194,0.288,1.2664,1.251,33,163,95,63,0,1,1,1.2,70.2317
0.5426,0.5518,1.1583,0.4807,53,184,41,6,0.9,1.2,0,0,78.77
0.5624,1.0344,1.1318,0.3767,49,49,0,37,0.3,0.5,0.6,2.6,74.7949
0.5023,0.9295,0.6938,1.2924,3,184,71,95,0.5,0.7,0.1,3,74.032
0.7126,1.3532,0.7565,0.4154,63,161,20,62,0.1,0.4,0.1,2.6,74.4613
1.1179,0.7263,0.5807,1.2697,8,17,36,0,0.3,1.8,0.5,0.7,72.6012
0.8779,0.8284,1.1065,0.7322,18,155,97,84,0.2,1.9,0,0.4,86.5019
0.7201,0.5158,0.9247,1.3393,86,31,57,47,0.5,1.3,0.1,1.5,77.6681
1.1612,0.6927,0.6558,0.5233,3,76,71,56,0.4,0.9,0.1,2.6,71.0354
0.3968,1.3306,0.67,0.5828,60,67,73,49,0.7,0.5,0,1.3,70.0544
0.3849,1.1328,1.333,0.7169,17,155,33,75,0.1,0.1,1,1.1,77.1117
1.3044,0.2218,1.189,0.7072,60,35,18,16,1,0,0.3,2.5,41.5314
0.8445,1.3888,0.9726,0.6988,43,44,98,7,0.6,0.1,0.9,2.5,70.8799
0.5887,0.9045,0.446,0.4596,5,300,272,4,1.4,2.1,3.7,3.7,39.4385
0.2869,0.764,0.7916,1.2613,276,62,265,8,2.8,0.7,0,0.4,64.9406
0.2753,0.2658,0.7894,0.514,229,95,266,11,3.4,2.2,0.8,3.4,42.0293
0.6473,0.8806,0.8752,0.7453,230,311,353,182,0.8,1.5,3.2,1.6,45.7536
0.4399,0.6242,0.4709,0.5964,225,123,13,187,1,1.4,1.4,3.2,63.6472
0.2526,0.2283,0.9025,0.5929,191,80,391,325,1,2.5,1.7,2.9,32.6869
0.9186,0.5887,0.9112,1.0326,149,187,255,304,3.5,1,1.4,1.7,48.5916
0.3873,0.783,0.8551,0.8423,13,190,399,283,3.7,2.3,3.4,3.5,38.2079
0.5603,0.4711,0.9776,0.634,191,207,75,160,1.3,1.7,0.6,4,59.5123
0.4692,0.5698,0.4558,0.5529,17,164,371,294,0.5,3.7,1.7,4,55.2384
0.513,0.2793,0.3881,1.2617,246,267,321,16,1.5,2,0,3.4,39.0547
0.7314,0.279,0.7137,0.5123,28,211,254,233,2.9,3.9,2.2,2.1,47.6426
0.4463,0.7444,0.4323,0.9055,188,256,9,319,0.4,1.5,0.3,1.8,67.6639
0.7672,0.9306,0.5808,1.106,289,247,384,267,0.9,2.6,1.9,2.9,46.2367
0.5627,0.9502,0.9908,0.5912,106,60,105,50,4,1.2,3.6,3.8,41.6004
0.7321,0.7288,0.3379,1.2791,92,363,173,41,2.4,0.1,1.3,0.8,58.1247
0.9852,0.4227,0.6686,0.5215,208,116,394,56,1.5,3.8,0,3.5,47.075
0.4906,0.7778,0.7364,0.6692,281,7,350,110,1.4,1.5,3.1,3.5,52.6114
0.7978,0.9136,0.7744,0.9894,111,385,34,388,2.1,3.9,0,1.3,57.101
0.6175,0.962,0.8733,0.9433,24,327,332,367,2.2,0.2,2.4,1.4,49.8938
0.2137,0.2166,0.3083,1.0023,268,156,127,61,3,1.9,0.8,1.7,30.0306
0.6393,0.3286,0.7633,0.6706,282,163,321,89,3.6,1.2,3.7,2.7,41.8324
0.9438,0.4297,0.566,1.0244,132,59,336,274,2.2,3.3,0.7,1,49.4904
0.4897,0.5189,0.8817,0.4164,291,338,34,334,1.2,1.7,1.8,0.7,59.5153
0.9327,0.6157,0.5721,1.2173,93,174,394,79,3.4,1.2,3.2,3,50.4845
0.7387,0.9503,0.4155,1.2434,240,266,373,15,0.3,1.8,2.2,2.2,55.2323
0.726,0.9059,0.5787,0.8029,279,137,123,262,2.5,3.7,0.2,0.1,56.6483
0.3877,0.4696,0.5103,0.5402,42,184,213,188,1,1,0.4,2,74.1802
0.3203,0.8494,0.9299,1.0891,94,240,316,16,2.9,1.1,0.7,3.5,42.3756
0.7606,0.6767,0.4659,0.6733,7,222,2,388,3.3,2.6,0,2.9,51.0445
0.8608,0.8765,0.5138,0.9548,218,359,46,238,3.5,2.2,1.5,2.2,48.125
0.6799,0.249,0.5414,0.7494,73,188,92,19,3.5,3.2,1,1.1,35.9579
0.4512,0.9138,0.2358,0.8868,172,121,2,308,3.9,1.3,2.9,2.5,34.3755
0.5265,0.7062,0.5176,1.2988,133,91,390,287,1,3.7,2.5,1.5,52.441
0.7224,0.4922,0.5604,1.2723,159,182,47,189,2.8,2.2,1.8,0.8,46.33
0.888,0.5301,0.2585,0.9705,191,135,44,339,3,3.4,2.3,1.4,40.5074
0.8356,0.4542,0.5672,1.3772,46,318,73,166,0.5,3.8,1.4,3.9,41.9797
0.9179,0.8216,0.2469,1.2363,272,321,303,103,3.7,1.8,0,4,35.6794
0.4641,0.3924,0.4268,0.399,265,210,163,117,3.5,1.4,1.4,2.5,43.3709
0.9188,0.4269,0.9611,0.7945,51,165,42,339,0.5,0.3,1,0.7,79.4957
0.8816,0.9112,0.6472,0.539,49,76,322,387,1.1,3.1,2.7,0.2,61.8486
0.7218,0.8034,0.2573,0.6752,69,17,278,168,2.6,1.4,3,1,52.5628
0.4472,0.2492,0.6279,1.0079,141,115,106,91,2.6,0,2.8,1.8,48.3553
0.4951,0.2944,0.5125,1.2056,98,324,47,363,2.2,1,4,3.6,37.5297
0.8035,0.5532,0.8997,1.1591,249,154,359,236,3.4,3.6,2.8,1.3,32.3405
0.7533,0.3793,0.3909,0.7144,236,299,262,350,0.8,3.2,3.8,3,41.2822
0.3825,0.8617,0.6787,0.5576,20,307,117,80,1.6,0.1,0.7,3.3,55.3892
0.6355,0.3717,0.389,1.2758,30,172,370,109,3.5,2.9,3.1,4,35.7555
0.9297,0.928,0.539,1.3256,257,392,243,117,2,0.5,2,1.1,56.1965
0.2217,0.8145,0.37,0.7597,117,162,377,380,3.5,3.6,2.9,3.5,31.4169
0.6267,0.9792,0.9854,0.6401,271,264,270,57,3.7,1.3,3.3,1.4,41.28
0.4605,0.9442,0.7427,1.2868,35,376,330,136,3.3,3.8,4,1.8,38.2117
0.5872,0.7467,0.3993,0.9226,114,55,212,307,2.3,2.9,3.8,3.9,28.0745
0.4775,0.8936,0.3989,1.3242,178,79,49,44,1.4,3.5,0,1.8,56.5825
0.6103,0.3238,0.2157,0.3291,148,164,377,86,3.6,0.8,2.5,1.8,34.0383
0.8434,0.6484,0.2201,1.0583,208,340,172,135,3.7,2.8,2.5,0.7,25.057
0.3228,0.7676,0.3533,0.9077,32,137,169,265,3.3,2.9,0.8,1.9,50.1733
